match,match_string,match_number,team,opponent,system,player,number,position,total_distance,zone_1,zone_2,zone_3,zone_4,zone_5,high_speed_runs,sprints,top_speed,possession_build_width,possession_build_height,possession_build_distance,possession_progression_width,possession_progression_height,possession_progression_distance,possession_third_width,possession_third_height,possession_third_distance,defensive_high_width,defensive_high_height,defensive_high_distance,defensive_mid_width,defensive_mid_height,defensive_mid_distance,defensive_low_width,defensive_low_height,defensive_low_distance
Argentina 3 - 3 France,Argentina_France,64,Argentina,France,433,ALVAREZ Julian,9,FW,12793.8,4589.1,4974.2,1742.5,944.2,543.7,158,75,33.6,54,38,19,55,33,38,41,39,52,40,36,45,40,28,33,35,23,17
Argentina 2 - 1 Australia,Argentina_Australia,50,Argentina,Australia,433,DE PAUL Rodrigo,7,CM,11710.7,3909,4876.3,1838.6,838.5,249.4,152,61,32.4,55,40,19,58,31,41,45,36,52,41,38,46,42,30,40,36,28,17
Argentina 3 - 3 France,Argentina_France,64,Argentina,France,433,DE PAUL Rodrigo,7,CM,12309.6,4768.7,4598.9,1666.7,907.2,368.1,153,68,31.7,54,38,19,55,33,38,41,39,52,40,36,45,40,28,33,35,23,17
Poland 0 - 2 Argentina,Argentina_Poland,39,Argentina,Poland,433,DE PAUL Rodrigo,7,CM,10785.9,4091.1,4444.9,1351.5,607.2,290.1,120,52,31.3,53,36,25,52,33,43,48,34,51,38,36,42,38,31,35,38,30,24
Argentina 2 - 1 Australia,Argentina_Australia,50,Argentina,Australia,433,FERNANDEZ Enzo,24,CM,11524.6,3236.1,6535.6,1230.8,466.7,55.3,114,38,29.7,55,40,19,58,31,41,45,36,52,41,38,46,42,30,40,36,28,17
Argentina 3 - 3 France,Argentina_France,64,Argentina,France,433,FERNANDEZ Enzo,24,CM,15055.1,4904.9,7060.8,2009.9,791.9,287.6,183,61,33.5,54,38,19,55,33,38,41,39,52,40,36,45,40,28,33,35,23,17
Argentina 3 - 3 France,Argentina_France,64,Argentina,France,433,MAC ALLISTER Alexis,20,CM,13599.7,5192.4,6064.1,1379,663.7,299.2,125,57,32.7,54,38,19,55,33,38,41,39,52,40,36,45,40,28,33,35,23,17
Argentina 2 - 1 Australia,Argentina_Australia,50,Argentina,Australia,433,MESSI Lionel,10,FW,8599,4752.7,2393.1,858.2,513.4,81.7,83,33,28.8,55,40,19,58,31,41,45,36,52,41,38,46,42,30,40,36,28,17
Argentina 3 - 3 France,Argentina_France,64,Argentina,France,433,MESSI Lionel,10,WG,12109.4,7127.6,2786.4,1305.4,749.6,140.5,116,60,28.7,54,38,19,55,33,38,41,39,52,40,36,45,40,28,33,35,23,17
Poland 0 - 2 Argentina,Argentina_Poland,39,Argentina,Poland,433,MESSI Lionel,10,FW,8264.4,4735.5,2165.3,748.8,533.9,81,66,32,28.5,53,36,25,52,33,43,48,34,51,38,36,42,38,31,35,38,30,24
Argentina 3 - 3 France,Argentina_France,64,Argentina,France,433,MOLINA Nahuel,26,FB,10411.8,3895.1,4064.8,1505.6,754.9,192.6,131,58,30.7,54,38,19,55,33,38,41,39,52,40,36,45,40,28,33,35,23,17
Poland 0 - 2 Argentina,Argentina_Poland,39,Argentina,Poland,433,MOLINA Nahuel,26,FB,10737.6,3974,4171.6,1403.4,773.1,415.5,119,57,33.3,53,36,25,52,33,43,48,34,51,38,36,42,38,31,35,38,30,24
Argentina 2 - 1 Australia,Argentina_Australia,50,Argentina,Australia,433,OTAMENDI Nicolas,19,CD,9656.4,3626,4460.3,1166.5,332.2,72.4,109,30,28.7,55,40,19,58,31,41,45,36,52,41,38,46,42,30,40,36,28,17
Argentina 3 - 3 France,Argentina_France,64,Argentina,France,433,OTAMENDI Nicolas,19,CD,12901.7,5223.9,5903.8,1207.6,403.8,162.6,119,37,28.9,54,38,19,55,33,38,41,39,52,40,36,45,40,28,33,35,23,17
Poland 0 - 2 Argentina,Argentina_Poland,39,Argentina,Poland,433,OTAMENDI Nicolas,19,CD,9353.9,3678,4130.7,956.9,496.7,92.6,93,29,31.1,53,36,25,52,33,43,48,34,51,38,36,42,38,31,35,38,30,24
Argentina 2 - 1 Australia,Argentina_Australia,50,Argentina,Australia,433,ROMERO Cristian,13,CD,9673.3,4344.3,4022.1,792.2,473,42.6,80,38,29.7,55,40,19,58,31,41,45,36,52,41,38,46,42,30,40,36,28,17
Argentina 3 - 3 France,Argentina_France,64,Argentina,France,433,ROMERO Cristian,13,CD,11973.7,6152.1,4292.6,956.7,374.8,197.6,93,39,32.2,54,38,19,55,33,38,41,39,52,40,36,45,40,28,33,35,23,17
Poland 0 - 2 Argentina,Argentina_Poland,39,Argentina,Poland,433,ROMERO Cristian,13,CD,8854.2,4668.8,3261.9,573.8,289.5,60.2,53,23,30.6,53,36,25,52,33,43,48,34,51,38,36,42,38,31,35,38,30,24
Argentina 3 - 3 France,Argentina_France,64,Argentina,France,433,TAGLIAFICO Nicolas,3,FB,13267.3,5306.9,4984.5,1945,830.5,200.3,169,73,30.2,54,38,19,55,33,38,41,39,52,40,36,45,40,28,33,35,23,17
Argentina 2 - 1 Australia,Australia_Argentina,50,Australia,Argentina,442,BEHICH Aziz,16,FB,10520.9,3637.1,4872.2,1204.6,576.5,231.5,106,42,32,57,42,17,57,36,34,44,37,54,42,35,49,39,22,37,34,22,19
Australia 1 - 0 Denmark,Australia_Denmark,37,Australia,Denmark,442,BEHICH Aziz,16,FB,10544.2,3924.5,4395.9,1377.1,538.8,307.9,129,46,31.3,47,38,19,53,36,37,40,38,50,40,37,48,40,25,37,37,22,19
Tunisia 0 - 1 Australia,Australia_Tunisia,21,Australia,Tunisia,442,BEHICH Aziz,16,FB,10344.1,3904.9,4497.6,1246.5,432.4,261.7,123,33,31.9,49,39,20,55,35,40,42,39,50,37,36,46,38,26,36,34,21,18
Australia 1 - 0 Denmark,Australia_Denmark,37,Australia,Denmark,442,DEGENEK Milos,2,FB,10902.4,4099.3,4810.1,1270.1,487.3,236.6,124,44,31,47,38,19,53,36,37,40,38,50,40,37,48,40,25,37,37,22,19
Argentina 2 - 1 Australia,Australia_Argentina,50,Australia,Argentina,442,IRVINE Jackson,22,FW,12977.7,3481.9,6038.5,2435.9,882.5,138.9,198,66,30.1,57,42,17,57,36,34,44,37,54,42,35,49,39,22,37,34,22,19
Australia 1 - 0 Denmark,Australia_Denmark,37,Australia,Denmark,442,IRVINE Jackson,22,CM,12653,3870.6,5214.3,2391.4,988.2,189.8,198,70,31,47,38,19,53,36,37,40,38,50,40,37,48,40,25,37,37,22,19
Tunisia 0 - 1 Australia,Australia_Tunisia,21,Australia,Tunisia,442,IRVINE Jackson,22,CM,11941.9,3737.8,5292.6,2068.3,726.1,117,174,54,31.5,49,39,20,55,35,40,42,39,50,37,36,46,38,26,36,34,21,18
Argentina 2 - 1 Australia,Australia_Argentina,50,Australia,Argentina,442,MOOY Aaron,13,CM,11999.9,3205.2,6587.9,1635.6,396,176.4,143,31,30.1,57,42,17,57,36,34,44,37,54,42,35,49,39,22,37,34,22,19
Australia 1 - 0 Denmark,Australia_Denmark,37,Australia,Denmark,442,MOOY Aaron,13,CM,11969.7,3532.2,5986,1763.1,567.4,122.1,137,36,28.8,47,38,19,53,36,37,40,38,50,40,37,48,40,25,37,37,22,19
Tunisia 0 - 1 Australia,Australia_Tunisia,21,Australia,Tunisia,442,MOOY Aaron,13,CM,11995.6,3668.3,5576.8,2035.7,586.6,128.4,154,47,31.3,49,39,20,55,35,40,42,39,50,37,36,46,38,26,36,34,21,18
Argentina 2 - 1 Australia,Australia_Argentina,50,Australia,Argentina,442,ROWLES Kye,4,CD,10720.8,3216.3,5416.2,1369.1,484.6,234.8,122,39,31.8,57,42,17,57,36,34,44,37,54,42,35,49,39,22,37,34,22,19
Australia 1 - 0 Denmark,Australia_Denmark,37,Australia,Denmark,442,ROWLES Kye,4,CD,10355.7,3441.2,4967.6,1318.3,542.6,86,117,41,30.5,47,38,19,53,36,37,40,38,50,40,37,48,40,25,37,37,22,19
Tunisia 0 - 1 Australia,Australia_Tunisia,21,Australia,Tunisia,442,ROWLES Kye,4,CD,10735.7,3575,5041.5,1262.5,643.1,213.6,116,47,31,49,39,20,55,35,40,42,39,50,37,36,46,38,26,36,34,21,18
Argentina 2 - 1 Australia,Australia_Argentina,50,Australia,Argentina,442,SOUTTAR Harry,19,CD,9861.2,3461.3,5011.5,948.6,358,82.8,86,30,29.7,57,42,17,57,36,34,44,37,54,42,35,49,39,22,37,34,22,19
Australia 1 - 0 Denmark,Australia_Denmark,37,Australia,Denmark,442,SOUTTAR Harry,19,CD,9420.8,3759.9,4278,948.7,282.6,151.7,97,31,30.2,47,38,19,53,36,37,40,38,50,40,37,48,40,25,37,37,22,19
Tunisia 0 - 1 Australia,Australia_Tunisia,21,Australia,Tunisia,442,SOUTTAR Harry,19,CD,9731.4,3811.8,4227.3,1105.5,472.9,114.8,97,37,33.7,49,39,20,55,35,40,42,39,50,37,36,46,38,26,36,34,21,18
Croatia 0 - 0 Belgium,Belgium_Croatia,41,Belgium,Croatia,4231,ALDERWEIRELD Toby,2,CD,10241.3,3885.6,4650.6,1189,496.7,19.5,111,36,29,57,38,20,57,32,42,44,35,55,40,40,49,38,28,37,31,32,14
Belgium 0 - 2 Morocco,Belgium_Morocco,26,Belgium,Morocco,4231,ALDERWEIRELD Toby,2,CD,9328.3,4001.9,4069,914.2,229.5,113.8,81,22,29.4,55,39,21,58,33,40,42,35,55,41,38,49,41,29,38,36,32,16
Croatia 0 - 0 Belgium,Belgium_Croatia,41,Belgium,Croatia,4231,CASTAGNE Timothy,21,FB,11877.4,3467,5741.5,1679.5,799.4,191.2,155,67,33.7,57,38,20,57,32,42,44,35,55,40,40,49,38,28,37,31,32,14
Belgium 0 - 2 Morocco,Belgium_Morocco,26,Belgium,Morocco,4231,CASTAGNE Timothy,21,FB,10913.9,3812.2,4599.1,1510.5,827.3,164.8,139,67,30.6,55,39,21,58,33,40,42,35,55,41,38,49,41,29,38,36,32,16
Croatia 0 - 0 Belgium,Belgium_Croatia,41,Belgium,Croatia,4231,DE BRUYNE Kevin,7,WG,11898.9,4174.1,4854.7,1857.4,727,286.8,151,53,31.9,57,38,20,57,32,42,44,35,55,40,40,49,38,28,37,31,32,14
Belgium 0 - 2 Morocco,Belgium_Morocco,26,Belgium,Morocco,4231,DE BRUYNE Kevin,7,WG,10146,4279.6,4004.6,1204.3,473.8,183.6,104,37,30.6,55,39,21,58,33,40,42,35,55,41,38,49,41,29,38,36,32,16
Croatia 0 - 0 Belgium,Belgium_Croatia,41,Belgium,Croatia,4231,VERTONGHEN Jan,5,CD,9528.5,4306.9,3659.9,1045.3,402.1,114.3,84,29,28.7,57,38,20,57,32,42,44,35,55,40,40,49,38,28,37,31,32,14
Belgium 0 - 2 Morocco,Belgium_Morocco,26,Belgium,Morocco,4231,VERTONGHEN Jan,5,CD,8398.8,4206.1,2958.1,853.3,274.6,106.7,63,24,28.1,55,39,21,58,33,40,42,35,55,41,38,49,41,29,38,36,32,16
Croatia 0 - 0 Belgium,Belgium_Croatia,41,Belgium,Croatia,4231,WITSEL Axel,6,CM,12041.6,3093.5,5853.4,2278.3,744.2,71,178,44,27.3,57,38,20,57,32,42,44,35,55,40,40,49,38,28,37,31,32,14
Belgium 0 - 2 Morocco,Belgium_Morocco,26,Belgium,Morocco,4231,WITSEL Axel,6,CM,10309.3,3167,5068.1,1527.8,444.3,102.1,129,34,29.1,55,39,21,58,33,40,42,35,55,41,38,49,41,29,38,36,32,16
Brazil 2 - 0 Serbia,Brazil_Serbia,16,Brazil,Serbia,4231,ALEX SANDRO,6,FB,10357.2,3236.6,5028.4,1267.7,613.1,211.3,113,49,32.6,56,42,17,55,33,44,42,35,54,41,35,49,42,27,38,39,23,19
Cameroon 1 - 0 Brazil,Brazil_Cameroon,48,Brazil,Cameroon,4231,BREMER,24,CD,10175.2,3761.8,4838.3,1118.3,340.9,116,98,29,32.3,57,40,19,55,33,39,41,35,55,39,38,47,38,30,39,36,25,18
Brazil 4 - 1 Korea Republic,Brazil_Korea Republic,54,Brazil,Korea Republic,4231,CASEMIRO,5,CM,11563.9,3284.2,6335.9,1528.7,387.4,27.8,118,29,28.1,54,41,17,57,33,39,42,38,53,38,37,50,40,26,38,37,25,18
Brazil 2 - 0 Serbia,Brazil_Serbia,16,Brazil,Serbia,4231,CASEMIRO,5,CM,11315.2,3325.5,5783.2,1730.1,406.2,71.3,135,33,28.5,56,42,17,55,33,44,42,35,54,41,35,49,42,27,38,39,23,19
Cameroon 1 - 0 Brazil,Brazil_Cameroon,48,Brazil,Cameroon,4231,DANI ALVES,13,FB,10842.8,3457.8,5509.2,1230.7,576.8,69.4,122,43,28.5,57,40,19,55,33,39,41,35,55,39,38,47,38,30,39,36,25,18
Brazil 2 - 0 Serbia,Brazil_Serbia,16,Brazil,Serbia,4231,DANILO,2,FB,9854.8,3484.7,3723.1,1476.3,708.6,461.2,132,54,34.6,56,42,17,55,33,44,42,35,54,41,35,49,42,27,38,39,23,19
Cameroon 1 - 0 Brazil,Brazil_Cameroon,48,Brazil,Cameroon,4231,EDER MILITAO,14,CD,9795.7,3989.8,4038.8,1148.1,388.9,230.2,101,36,32.7,57,40,19,55,33,39,41,35,55,39,38,47,38,30,39,36,25,18
Cameroon 1 - 0 Brazil,Brazil_Cameroon,48,Brazil,Cameroon,4231,FABINHO,15,CM,10653.1,3934.2,4625.6,1568.1,414.4,110.8,129,39,31.3,57,40,19,55,33,39,41,35,55,39,38,47,38,30,39,36,25,18
Cameroon 1 - 0 Brazil,Brazil_Cameroon,48,Brazil,Cameroon,4231,GABRIEL MARTINELLI,26,WG,10442.4,3989,3911.7,1352.3,792.6,396.8,120,70,34.9,57,40,19,55,33,39,41,35,55,39,38,47,38,30,39,36,25,18
Brazil 4 - 1 Korea Republic,Brazil_Korea Republic,54,Brazil,Korea Republic,4231,LUCAS PAQUETA,7,CM,11080.2,3745.1,4998.3,1537.9,652.6,145.1,137,51,29.8,54,41,17,57,33,39,42,38,53,38,37,50,40,26,38,37,25,18
Brazil 4 - 1 Korea Republic,Brazil_Korea Republic,54,Brazil,Korea Republic,4231,MARQUINHOS,4,CD,9619.7,3805.6,4104.7,1068.8,500.2,140.4,94,37,31.6,54,41,17,57,33,39,42,38,53,38,37,50,40,26,38,37,25,18
Brazil 2 - 0 Serbia,Brazil_Serbia,16,Brazil,Serbia,4231,MARQUINHOS,4,CD,9938,3442.5,4621.2,1216.4,548.6,109.3,114,43,27.2,56,42,17,55,33,44,42,35,54,41,35,49,42,27,38,39,23,19
Brazil 4 - 1 Korea Republic,Brazil_Korea Republic,54,Brazil,Korea Republic,4231,RAPHINHA,11,WG,10709.3,3913.2,3881.1,1545.4,899.6,470.1,150,70,32.4,54,41,17,57,33,39,42,38,53,38,37,50,40,26,38,37,25,18
Brazil 4 - 1 Korea Republic,Brazil_Korea Republic,54,Brazil,Korea Republic,4231,RICHARLISON,9,FW,11150,3608.2,4476.7,1770.6,889.8,404.7,153,68,32.7,54,41,17,57,33,39,42,38,53,38,37,50,40,26,38,37,25,18
Brazil 4 - 1 Korea Republic,Brazil_Korea Republic,54,Brazil,Korea Republic,4231,THIAGO SILVA,3,CD,8379.2,4118.4,2946.1,922.5,300,92.2,78,27,30.8,54,41,17,57,33,39,42,38,53,38,37,50,40,26,38,37,25,18
Brazil 2 - 0 Serbia,Brazil_Serbia,16,Brazil,Serbia,4231,THIAGO SILVA,3,CD,8403.5,3986.6,3050.5,921,310.9,133.6,90,28,30.5,56,42,17,55,33,44,42,35,54,41,35,49,42,27,38,39,23,19
Cameroon 3 - 3 Serbia,Cameroon_Serbia,29,Cameroon,Serbia,433,CASTELLETTO Jean-Charles,21,CD,9468.8,3793.2,4045.1,1052.9,416.6,160,99,38,29.8,49,40,19,53,36,40,44,40,49,42,38,45,41,30,34,39,29,17
Switzerland 1 - 0 Cameroon,Cameroon_Switzerland,13,Cameroon,Switzerland,433,CASTELLETTO Jean-Charles,21,CD,9687.7,3864.4,4021.4,1041.4,573.5,187,103,41,31.9,55,39,21,56,35,39,46,38,51,40,39,47,39,29,35,37,27,19
Cameroon 3 - 3 Serbia,Cameroon_Serbia,29,Cameroon,Serbia,433,CHOUPO-MOTING Eric Maxim,13,FW,9560.1,4520,3268.6,1041.1,463.7,266.7,86,37,33.3,49,40,19,53,36,40,44,40,49,42,38,45,41,30,34,39,29,17
Cameroon 3 - 3 Serbia,Cameroon_Serbia,29,Cameroon,Serbia,433,FAI Collins,19,FB,9998.9,3987.6,3841.6,1292.9,646.9,231,112,53,33.5,49,40,19,53,36,40,44,40,49,42,38,45,41,30,34,39,29,17
Cameroon 3 - 3 Serbia,Cameroon_Serbia,29,Cameroon,Serbia,433,NKOULOU Nicolas,3,CD,10398.1,3653.9,4894.4,1196.8,558.4,93.6,121,44,29.8,49,40,19,53,36,40,44,40,49,42,38,45,41,30,34,39,29,17
Switzerland 1 - 0 Cameroon,Cameroon_Switzerland,13,Cameroon,Switzerland,433,NKOULOU Nicolas,3,CD,9815.5,3679.8,4350.2,1245.6,456.4,82.5,118,38,30.3,55,39,21,56,35,39,46,38,51,40,39,47,39,29,35,37,27,19
Switzerland 1 - 0 Cameroon,Cameroon_Switzerland,13,Cameroon,Switzerland,433,OUM GOUET Samuel,14,CM,10462.7,3674.5,4565.9,1632.2,468.7,120.3,137,31,29.2,55,39,21,56,35,39,46,38,51,40,39,47,39,29,35,37,27,19
Cameroon 3 - 3 Serbia,Cameroon_Serbia,29,Cameroon,Serbia,433,TOLO Nouhou,25,FB,10688.8,3996.5,4215.6,1299.8,802.7,374.1,121,61,33.3,49,40,19,53,36,40,44,40,49,42,38,45,41,30,34,39,29,17
Switzerland 1 - 0 Cameroon,Cameroon_Switzerland,13,Cameroon,Switzerland,433,TOLO Nouhou,25,FB,9991.3,3916.6,3801.7,1208,719.4,345.7,112,60,34.4,55,39,21,56,35,39,46,38,51,40,39,47,39,29,35,37,27,19
Switzerland 1 - 0 Cameroon,Cameroon_Switzerland,13,Cameroon,Switzerland,433,ZAMBO ANGUISSA Andre-Frank,8,CM,11552.9,4005.4,4542.6,2218.2,561.5,225.3,170,46,30.6,55,39,21,56,35,39,46,38,51,40,39,47,39,29,35,37,27,19
Croatia 4 - 1 Canada,Canada_Croatia,27,Canada,Croatia,442,BUCHANAN Tajon,11,WG,12129.8,3600.1,5509.3,1808.5,900,311.7,138,66,33.8,52,38,19,52,33,42,43,35,54,41,35,47,41,28,39,33,25,14
Canada 1 - 2 Morocco,Canada_Morocco,42,Canada,Morocco,442,BUCHANAN Tajon,11,WG,11029.5,3600,4834.2,1382,747.8,466.5,127,57,35,54,39,23,56,32,42,48,35,54,43,37,48,44,31,40,35,28,15
Croatia 4 - 1 Canada,Canada_Croatia,27,Canada,Croatia,442,DAVIES Alphonso,19,WG,10789.9,3923.2,4273.9,1336.9,649.6,605.3,111,57,35.6,52,38,19,52,33,42,43,35,54,41,35,47,41,28,39,33,25,14
Canada 1 - 2 Morocco,Canada_Morocco,42,Canada,Morocco,442,DAVIES Alphonso,19,WG,10020.4,3790.7,3991.1,1161.4,607.2,470,114,60,34.9,54,39,23,56,32,42,48,35,54,43,37,48,44,31,40,35,28,15
Croatia 4 - 1 Canada,Canada_Croatia,27,Canada,Croatia,442,JOHNSTON Alistair,2,FB,11333.1,3761.4,4705.5,1809.9,681.1,376.3,161,59,34.5,52,38,19,52,33,42,43,35,54,41,35,47,41,28,39,33,25,14
Canada 1 - 2 Morocco,Canada_Morocco,42,Canada,Morocco,442,JOHNSTON Alistair,2,FB,10328.9,3634.7,4319.5,1514.2,683.8,177.7,132,51,31.8,54,39,23,56,32,42,48,35,54,43,37,48,44,31,40,35,28,15
Croatia 4 - 1 Canada,Canada_Croatia,27,Canada,Croatia,442,MILLER Kamal,4,CD,9933.2,3734.9,4283.2,1266.5,490.7,156.9,112,32,31.9,52,38,19,52,33,42,43,35,54,41,35,47,41,28,39,33,25,14
Canada 1 - 2 Morocco,Canada_Morocco,42,Canada,Morocco,442,MILLER Kamal,4,CD,9270.3,3857.4,3875,1003,422.7,113.1,93,28,30.7,54,39,23,56,32,42,48,35,54,43,37,48,44,31,40,35,28,15
Croatia 4 - 1 Canada,Canada_Croatia,27,Canada,Croatia,442,VITORIA Steven,5,CD,10039.4,3480.7,4635.2,1334.2,502,88.3,125,36,29.1,52,38,19,52,33,42,43,35,54,41,35,47,41,28,39,33,25,14
Canada 1 - 2 Morocco,Canada_Morocco,42,Canada,Morocco,442,VITORIA Steven,5,CD,8624.7,3713.8,3435.2,1057.4,353.6,63.8,93,31,32.5,54,39,23,56,32,42,48,35,54,43,37,48,44,31,40,35,28,15
Spain 7 - 0 Costa Rica,Costa Rica_Spain,10,Costa Rica,Spain,442,CALVO Francisco,15,CD,10535.6,3988.8,4804.2,1095.7,548.9,99,98,41,29.3,52,38,18,50,31,38,48,35,53,45,37,48,44,25,37,38,24,21
Spain 7 - 0 Costa Rica,Costa Rica_Spain,10,Costa Rica,Spain,442,CAMPBELL Joel,12,FW,9945.3,3991.1,4130.3,1478.9,335.2,9.9,127,26,26.3,52,38,18,50,31,38,48,35,53,45,37,48,44,25,37,38,24,21
Spain 7 - 0 Costa Rica,Costa Rica_Spain,10,Costa Rica,Spain,442,DUARTE Oscar,6,CD,11256.7,3499.7,5703.8,1535.4,462.6,55.2,140,26,28.5,52,38,18,50,31,38,48,35,53,45,37,48,44,25,37,38,24,21
Spain 7 - 0 Costa Rica,Costa Rica_Spain,10,Costa Rica,Spain,442,FULLER Keysher,4,WG,10255.6,3957.6,3819.2,1417.3,698.4,363,135,57,32.1,52,38,18,50,31,38,48,35,53,45,37,48,44,25,37,38,24,21
Spain 7 - 0 Costa Rica,Costa Rica_Spain,10,Costa Rica,Spain,442,TEJEDA Yeltsin,17,CM,12544.1,3419.5,6565.6,2023.4,498,36.4,177,33,26.6,52,38,18,50,31,38,48,35,53,45,37,48,44,25,37,38,24,21
Croatia 0 - 0 Belgium,Croatia_Belgium,41,Croatia,Belgium,433,BROZOVIC Marcelo,NA,MC,13442.3,2634.7,7522.3,2601.1,684.2,0,175,36,27.9,52,41,15,55,33,38,45,38,52,42,35,50,41,24,38,37,23,19
Croatia 4 - 1 Canada,Croatia_Canada,27,Croatia,Canada,433,BROZOVIC Marcelo,11,CM,13740,2962.4,6456.4,3212.4,1015.4,93.4,222,59,29.2,53,39,21,54,33,42,42,36,55,41,36,49,42,27,38,34,25,17
Morocco 0 - 0 Croatia,Croatia_Morocco,12,Croatia,Morocco,433,BROZOVIC Marcelo,11,CM,12440.5,2847.6,6618.3,2234.3,618.3,121.9,178,45,31.5,55,38,22,58,31,40,45,36,54,41,39,49,41,28,36,35,26,17
Croatia 0 - 0 Belgium,Croatia_Belgium,41,Croatia,Belgium,433,GVARDIOL Josko,20,CD,10921.6,3819.3,4791.3,1643.7,463.1,204.2,122,35,30.5,52,41,15,55,33,38,45,38,52,42,35,50,41,24,38,37,23,19
Croatia 4 - 1 Canada,Croatia_Canada,27,Croatia,Canada,433,GVARDIOL Josko,20,CD,11200.8,3846.4,5078.4,1295.9,710.1,269.9,126,54,33,53,39,21,54,33,42,42,36,55,41,36,49,42,27,38,34,25,17
Morocco 0 - 0 Croatia,Croatia_Morocco,12,Croatia,Morocco,433,GVARDIOL Josko,20,CD,9625.9,3751.2,4337.4,957.8,436.1,144.4,90,40,32.9,55,38,22,58,31,40,45,36,54,41,39,49,41,28,36,35,26,17
Croatia 0 - 0 Belgium,Croatia_Belgium,41,Croatia,Belgium,433,JURANOVIC Josip,22,FB,10327.9,4117.7,4145.6,997.7,709.5,357.3,100,60,34.5,52,41,15,55,33,38,45,38,52,42,35,50,41,24,38,37,23,19
Croatia 4 - 1 Canada,Croatia_Canada,27,Croatia,Canada,433,JURANOVIC Josip,22,FB,10115.3,3865.1,4114.9,1035.8,753.6,345.9,105,57,30.8,53,39,21,54,33,42,42,36,55,41,36,49,42,27,38,34,25,17
Morocco 0 - 0 Croatia,Croatia_Morocco,12,Croatia,Morocco,433,JURANOVIC Josip,22,FB,9276.2,3830.2,3751.3,917.4,630.8,146.6,87,45,31.7,55,38,22,58,31,40,45,36,54,41,39,49,41,28,36,35,26,17
Croatia 0 - 0 Belgium,Croatia_Belgium,41,Croatia,Belgium,433,KOVACIC Mateo,8,MC,11709.3,3259.9,5556,1823.1,708.4,360.6,152,57,32.3,52,41,15,55,33,38,45,38,52,42,35,50,41,24,38,37,23,19
Croatia 0 - 0 Belgium,Croatia_Belgium,41,Croatia,Belgium,433,LOVREN Dejan,6,CD,10106.1,3691.8,4902.5,980.3,447.7,82.9,101,33,30.6,52,41,15,55,33,38,45,38,52,42,35,50,41,24,38,37,23,19
Croatia 4 - 1 Canada,Croatia_Canada,27,Croatia,Canada,433,LOVREN Dejan,6,CD,10269.4,3739.1,4702.3,1234.4,501.1,92.4,112,37,29.8,53,39,21,54,33,42,42,36,55,41,36,49,42,27,38,34,25,17
Morocco 0 - 0 Croatia,Croatia_Morocco,12,Croatia,Morocco,433,LOVREN Dejan,6,CD,9170.3,3882.7,3995.5,740,392.5,159.6,81,36,32.7,55,38,22,58,31,40,45,36,54,41,39,49,41,28,36,35,26,17
Croatia 0 - 0 Belgium,Croatia_Belgium,41,Croatia,Belgium,433,MODRIC Luka,10,MC,11133.8,3827.8,4759.7,1641.1,683.6,221.6,143,51,32.5,52,41,15,55,33,38,45,38,52,42,35,50,41,24,38,37,23,19
Morocco 0 - 0 Croatia,Croatia_Morocco,12,Croatia,Morocco,433,MODRIC Luka,10,CM,9621.3,3738.8,3926.4,1301.8,544.6,109.7,120,44,29.9,55,38,22,58,31,40,45,36,54,41,39,49,41,28,36,35,26,17
Croatia 0 - 0 Belgium,Croatia_Belgium,41,Croatia,Belgium,433,PERISIC Ivan,4,WG,11543.6,4397,3931.8,1859.7,888.9,465.2,166,71,33.6,52,41,15,55,33,38,45,38,52,42,35,50,41,24,38,37,23,19
Morocco 0 - 0 Croatia,Croatia_Morocco,12,Croatia,Morocco,433,PERISIC Ivan,4,WG,9074.6,3933.9,2843.1,1385.7,597.1,315.8,126,49,33.1,55,38,22,58,31,40,45,36,54,41,39,49,41,28,36,35,26,17
Croatia 0 - 0 Belgium,Croatia_Belgium,41,Croatia,Belgium,433,SOSA Borna,19,FB,11022.9,3741.2,4823.6,1470.5,885.1,102.5,131,60,29,52,41,15,55,33,38,45,38,52,42,35,50,41,24,38,37,23,19
Croatia 4 - 1 Canada,Croatia_Canada,27,Croatia,Canada,433,SOSA Borna,19,FB,10905.2,3792.8,4801.6,1391.5,718.7,200.7,115,52,31,53,39,21,54,33,42,42,36,55,41,36,49,42,27,38,34,25,17
Morocco 0 - 0 Croatia,Croatia_Morocco,12,Croatia,Morocco,433,SOSA Borna,19,FB,9078.7,3685,3885.7,943.3,383.1,181.6,92,33,33.8,55,38,22,58,31,40,45,36,54,41,39,49,41,28,36,35,26,17
France 2 - 1 Denmark,Denmark_France,23,Denmark,France,343,ANDERSEN Joachim,2,CD,9912.1,3849.8,4104.6,1151.8,567,238.9,110,41,30.8,56,40,19,58,32,42,46,33,57,44,36,49,42,23,39,38,20,21
France 2 - 1 Denmark,Denmark_France,23,Denmark,France,343,CHRISTENSEN Andreas,6,CD,9211,3716.6,4310.8,700,337.1,147.4,75,27,31.8,56,40,19,58,32,42,46,33,57,44,36,49,42,23,39,38,20,21
France 2 - 1 Denmark,Denmark_France,23,Denmark,France,343,ERIKSEN Christian,10,CM,11882.7,3667,5734.6,1739.6,590.6,152.1,143,46,30.4,56,40,19,58,32,42,46,33,57,44,36,49,42,23,39,38,20,21
France 2 - 1 Denmark,Denmark_France,23,Denmark,France,343,HOJBJERG Pierre-Emile,23,CM,10571.9,3810.1,4517.4,1377.5,619.5,247.4,110,41,32.8,56,40,19,58,32,42,46,33,57,44,36,49,42,23,39,38,20,21
France 2 - 1 Denmark,Denmark_France,23,Denmark,France,343,KRISTENSEN Rasmus,13,FB,10135.9,3795.9,4139.5,1389.6,687.2,123.7,128,49,29.8,56,40,19,58,32,42,46,33,57,44,36,49,42,23,39,38,20,21
France 2 - 1 Denmark,Denmark_France,23,Denmark,France,343,MAEHLE Joakim,5,FB,11140,4044.9,4196.4,1659.9,905.7,333.1,143,64,31.3,56,40,19,58,32,42,46,33,57,44,36,49,42,23,39,38,20,21
France 2 - 1 Denmark,Denmark_France,23,Denmark,France,343,NELSSON Victor,3,CD,9504.1,3915.7,4080.1,930.5,440,137.8,89,31,31.1,56,40,19,58,32,42,46,33,57,44,36,49,42,23,39,38,20,21
Qatar 0 - 2 Ecuador,Ecuador_Qatar,1,Ecuador,Qatar,442,CAICEDO Moises,23,CM,9965.1,2586.9,4940.7,1837.6,464.4,135.5,158,39,28.7,56,37,24,56,33,36,41,37,54,39,37,49,40,25,37,41,26,21
Qatar 0 - 2 Ecuador,Ecuador_Qatar,1,Ecuador,Qatar,442,ESTRADA Michael,11,FW,8753.6,3232.7,4030.1,913.9,442.1,134.8,93,41,32.8,56,37,24,56,33,36,41,37,54,39,37,49,40,25,37,41,26,21
Qatar 0 - 2 Ecuador,Ecuador_Qatar,1,Ecuador,Qatar,442,ESTUPINAN Pervis,7,FB,9337.2,3619.1,3314.7,1222.2,720.8,459.4,110,64,31.7,56,37,24,56,33,36,41,37,54,39,37,49,40,25,37,41,26,21
Qatar 0 - 2 Ecuador,Ecuador_Qatar,1,Ecuador,Qatar,442,HINCAPIE Piero,3,CD,10628.5,3365,5251.5,1388.1,486.8,136,125,36,32,56,37,24,56,33,36,41,37,54,39,37,49,40,25,37,41,26,21
Qatar 0 - 2 Ecuador,Ecuador_Qatar,1,Ecuador,Qatar,442,MENDEZ Jhegson,20,CM,9863.5,3241.1,4698.9,1376,475.4,72,137,43,29.2,56,37,24,56,33,36,41,37,54,39,37,49,40,25,37,41,26,21
Qatar 0 - 2 Ecuador,Ecuador_Qatar,1,Ecuador,Qatar,442,PLATA Gonzalo,19,WG,10314.7,3750.4,3871.1,1582.3,873.7,237.2,144,64,31.6,56,37,24,56,33,36,41,37,54,39,37,49,40,25,37,41,26,21
Qatar 0 - 2 Ecuador,Ecuador_Qatar,1,Ecuador,Qatar,442,PRECIADO Angelo,17,FB,9635.4,3573.8,4388,1011.7,448,213.9,90,42,32,56,37,24,56,33,36,41,37,54,39,37,49,40,25,37,41,26,21
Qatar 0 - 2 Ecuador,Ecuador_Qatar,1,Ecuador,Qatar,442,TORRES Felix,2,CD,9397.5,3705.4,4045.6,1002.7,469.9,172.9,99,44,33,56,37,24,56,33,36,41,37,54,39,37,49,40,25,37,41,26,21
England 1 - 2 France,England_France,59,England,France,433,BELLINGHAM Jude,22,CM,11787.4,3965.3,4369.6,1834.1,1295.4,323,167,87,31.4,54,40,21,55,33,41,43,36,54,40,35,49,42,25,36,38,24,18
Wales 0 - 3 England,England_Wales,33,England,Wales,433,BELLINGHAM Jude,22,CM,10828.3,3893.9,3979.4,1617.8,1012.4,323.8,150,72,31,58,40,21,55,33,41,43,35,55,41,36,46,40,28,38,31,25,14
Wales 0 - 3 England,England_Wales,33,England,Wales,433,FODEN Phil,20,WG,10586.4,3820.6,4119.2,1312.7,858.6,476.4,127,72,32.4,58,40,21,55,33,41,43,35,55,41,36,46,40,28,38,31,25,14
Wales 0 - 3 England,England_Wales,33,England,Wales,433,HENDERSON Jordan,8,CM,10713.1,3828.9,4212.4,1629.5,760.6,282.8,144,57,31,58,40,21,55,33,41,43,35,55,41,36,46,40,28,38,31,25,14
England 1 - 2 France,England_France,59,England,France,433,KANE Harry,9,FW,10473.9,4067,4876.6,886.1,528.9,115.2,83,38,30,54,40,21,55,33,41,43,36,54,40,35,49,42,25,36,38,24,18
England 3 - 0 Senegal,England_Senegal,51,England,Senegal,433,KANE Harry,9,FW,10804.3,3779.3,5145,1272.7,534.8,72.4,104,37,29.6,57,39,21,54,35,38,42,37,51,39,38,48,37,26,38,34,24,16
England 1 - 2 France,England_France,59,England,France,433,MAGUIRE Harry,6,CD,9723.5,4074.2,3981.8,1167.8,411.3,88.5,106,31,29.8,54,40,21,55,33,41,43,36,54,40,35,49,42,25,36,38,24,18
England 3 - 0 Senegal,England_Senegal,51,England,Senegal,433,MAGUIRE Harry,6,CD,9556.5,3823.6,4271.8,1086.6,330.7,44,109,31,29,57,39,21,54,35,38,42,37,51,39,38,48,37,26,38,34,24,16
Wales 0 - 3 England,England_Wales,33,England,Wales,433,MAGUIRE Harry,6,CD,9390.4,3805,4176.9,887.4,432,89.2,84,33,30.5,58,40,21,55,33,41,43,35,55,41,36,46,40,28,38,31,25,14
England 1 - 2 France,England_France,59,England,France,433,RICE Declan,4,CM,11635.1,3844.2,5474.3,1372.9,837.7,105.9,128,50,30.8,54,40,21,55,33,41,43,36,54,40,35,49,42,25,36,38,24,18
England 3 - 0 Senegal,England_Senegal,51,England,Senegal,433,RICE Declan,4,CM,12061.2,3115.4,5922,2150.5,730.9,142.3,179,62,31.2,57,39,21,54,35,38,42,37,51,39,38,48,37,26,38,34,24,16
England 1 - 2 France,England_France,59,England,France,433,SHAW Luke,3,FB,10758.4,4193.6,4349.6,1196.3,699.3,321.7,110,48,34.5,54,40,21,55,33,41,43,36,54,40,35,49,42,25,36,38,24,18
England 3 - 0 Senegal,England_Senegal,51,England,Senegal,433,SHAW Luke,3,FB,10462.5,3828.2,4446.6,1168.7,725.1,294,120,56,32.1,57,39,21,54,35,38,42,37,51,39,38,48,37,26,38,34,24,16
England 1 - 2 France,England_France,59,England,France,433,STONES John,5,CD,9752.5,3737.2,3830.8,1536,581.2,67.3,134,38,29.1,54,40,21,55,33,41,43,36,54,40,35,49,42,25,36,38,24,18
Wales 0 - 3 England,England_Wales,33,England,Wales,433,STONES John,5,CD,9239,3549.6,3965.4,1270.4,371.4,82.2,114,26,27.7,58,40,21,55,33,41,43,35,55,41,36,46,40,28,38,31,25,14
England 1 - 2 France,England_France,59,England,France,433,WALKER Kyle,2,FB,9632.1,4279.5,3428.1,1123.1,483.5,317.9,106,49,32,54,40,21,55,33,41,43,36,54,40,35,49,42,25,36,38,24,18
England 3 - 0 Senegal,England_Senegal,51,England,Senegal,433,WALKER Kyle,2,FB,9830.2,4073.6,4128.7,929.9,525.9,172,92,40,34.4,57,39,21,54,35,38,42,37,51,39,38,48,37,26,38,34,24,16
France 4 - 1 Australia,France_Australia,5,France,Australia,4231,GRIEZMANN Antoine,7,FW,11729.8,4445.6,4985.2,1799.4,385.9,113.8,143,37,31,54,40,23,57,30,45,47,32,58,41,37,48,39,28,39,37,32,18
France 2 - 1 Denmark,France_Denmark,23,France,Denmark,4231,GRIEZMANN Antoine,7,FW,10670.8,4222.5,4244.9,1491.8,573,138.7,121,43,29,54,39,20,57,31,41,46,34,56,37,36,50,38,25,36,36,22,18
France 3 - 1 Poland,France_Poland,52,France,Poland,4231,GRIEZMANN Antoine,7,FW,11257.2,4492.7,4352,1729.1,530.2,153.1,134,41,29.7,53,38,21,55,30,44,47,33,56,39,37,48,39,27,37,37,27,17
France 2 - 1 Denmark,France_Denmark,23,France,Denmark,4231,HERNANDEZ Theo,22,FB,9969.8,3975.9,3807.5,1128.6,560.3,496.5,113,55,33.7,54,39,20,57,31,41,46,34,56,37,36,50,38,25,36,36,22,18
France 3 - 1 Poland,France_Poland,52,France,Poland,4231,HERNANDEZ Theo,22,FB,9493.5,3713.8,3981.6,995.9,496.5,305.7,100,47,34.8,53,38,21,55,30,44,47,33,56,39,37,48,39,27,37,37,27,17
France 4 - 1 Australia,France_Australia,5,France,Australia,4231,KONATE Ibrahima,24,CD,9784.4,4318.8,3729.8,1055.7,574.3,105.7,110,45,31.1,54,40,23,57,30,45,47,32,58,41,37,48,39,28,39,37,32,18
France 2 - 1 Denmark,France_Denmark,23,France,Denmark,4231,KOUNDE Jules,5,FB,10858.2,3905.7,4653.8,1569,573.3,157.4,143,46,33,54,39,20,57,31,41,46,34,56,37,36,50,38,25,36,36,22,18
France 3 - 1 Poland,France_Poland,52,France,Poland,4231,KOUNDE Jules,5,FB,9845.9,3505.1,4416.9,1321.3,482.4,121.1,114,40,29.7,53,38,21,55,30,44,47,33,56,39,37,48,39,27,37,37,27,17
France 4 - 1 Australia,France_Australia,5,France,Australia,4231,MBAPPE Kylian,10,WG,8594.4,4240.5,2635.1,860.3,539.7,319.7,91,49,34.7,54,40,23,57,30,45,47,32,58,41,37,48,39,28,39,37,32,18
France 2 - 1 Denmark,France_Denmark,23,France,Denmark,4231,MBAPPE Kylian,10,WG,8106.7,4260.9,2185.6,845.5,422.4,393.2,77,44,35.2,54,39,20,57,31,41,46,34,56,37,36,50,38,25,36,36,22,18
France 3 - 1 Poland,France_Poland,52,France,Poland,4231,MBAPPE Kylian,10,WG,7758,4289.4,2007,640.8,364.6,455.4,64,43,35.3,53,38,21,55,30,44,47,33,56,39,37,48,39,27,37,37,27,17
France 4 - 1 Australia,France_Australia,5,France,Australia,4231,RABIOT Adrien,14,CM,12133.6,4110.9,5656.7,1515.5,656.4,192.9,142,53,29.3,54,40,23,57,30,45,47,32,58,41,37,48,39,28,39,37,32,18
France 2 - 1 Denmark,France_Denmark,23,France,Denmark,4231,RABIOT Adrien,14,CM,11686.7,4140.6,4781,1733.1,818.1,215,146,64,33.4,54,39,20,57,31,41,46,34,56,37,36,50,38,25,36,36,22,18
France 3 - 1 Poland,France_Poland,52,France,Poland,4231,RABIOT Adrien,14,CM,11003.7,4271.6,4380.6,1417.3,680,254.2,127,57,34.2,53,38,21,55,30,44,47,33,56,39,37,48,39,27,37,37,27,17
France 2 - 1 Denmark,France_Denmark,23,France,Denmark,4231,TCHOUAMENI Aurelien,8,CM,11583.3,3815.5,5161.5,1969.2,528.2,108.9,168,35,32.9,54,39,20,57,31,41,46,34,56,37,36,50,38,25,36,36,22,18
France 4 - 1 Australia,France_Australia,5,France,Australia,4231,UPAMECANO Dayot,18,CD,11127.2,4113.7,5167.5,1119.4,594.2,132.4,112,50,31.7,54,40,23,57,30,45,47,32,58,41,37,48,39,28,39,37,32,18
France 2 - 1 Denmark,France_Denmark,23,France,Denmark,4231,UPAMECANO Dayot,18,CD,10111.8,3990.1,4241.9,1193.2,384.2,302.3,125,49,34.3,54,39,20,57,31,41,46,34,56,37,36,50,38,25,36,36,22,18
France 3 - 1 Poland,France_Poland,52,France,Poland,4231,UPAMECANO Dayot,18,CD,10138.2,4132.3,4496.3,1057.4,409.6,42.6,91,36,32.1,53,38,21,55,30,44,47,33,56,39,37,48,39,27,37,37,27,17
France 3 - 1 Poland,France_Poland,52,France,Poland,4231,VARANE Raphael,4,CD,9898.1,4102.8,4516.5,979.9,242.5,56.4,82,20,28.2,53,38,21,55,30,44,47,33,56,39,37,48,39,27,37,37,27,17
Costa Rica 2 - 4 Germany,Germany_Costa Rica,44,Germany,Costa Rica,4231,GNABRY Serge,10,WG,10841.4,3823.7,4220.5,1733.5,660.2,403.3,151,59,32.1,48,40,21,52,29,47,43,33,57,38,33,49,38,27,39,34,32,14
Germany 1 - 2 Japan,Germany_Japan,11,Germany,Japan,4231,GNABRY Serge,10,WG,9668,3558.8,3830.4,1202.7,729.9,346.1,120,58,31.9,59,40,21,56,32,43,43,34,57,40,37,49,37,27,39,35,29,16
Spain 1 - 1 Germany,Germany_Spain,28,Germany,Spain,4231,GORETZKA Leon,8,CM,11513.9,3816.9,4853.1,1712.1,831.3,299.4,144,63,32.2,56,39,17,50,29,42,42,34,54,43,37,50,40,24,41,35,22,17
Costa Rica 2 - 4 Germany,Germany_Costa Rica,44,Germany,Costa Rica,4231,KIMMICH Joshua,6,FB,12698.3,3304.1,6807.6,1804.4,699.7,82.5,156,54,29.3,48,40,21,52,29,47,43,33,57,38,33,49,38,27,39,34,32,14
Germany 1 - 2 Japan,Germany_Japan,11,Germany,Japan,4231,KIMMICH Joshua,6,CM,13193,3347.1,6998.9,2117.5,576.5,153,172,40,30.9,59,40,21,56,32,43,43,34,57,40,37,49,37,27,39,35,29,16
Spain 1 - 1 Germany,Germany_Spain,28,Germany,Spain,4231,KIMMICH Joshua,6,CM,12388.8,2956,5980.1,2393.5,844.9,215.6,190,59,31,56,39,17,50,29,42,42,34,54,43,37,50,40,24,41,35,22,17
Costa Rica 2 - 4 Germany,Germany_Costa Rica,44,Germany,Costa Rica,4231,MUSIALA Jamal,14,FW,10650.4,4022.7,4236.7,1342,810.5,237.5,123,62,31.3,48,40,21,52,29,47,43,33,57,38,33,49,38,27,39,34,32,14
Spain 1 - 1 Germany,Germany_Spain,28,Germany,Spain,4231,MUSIALA Jamal,14,WG,10881.3,3391.7,4492.9,1809.6,1002.2,185,168,76,32.4,56,39,17,50,29,42,42,34,54,43,37,50,40,24,41,35,22,17
Germany 1 - 2 Japan,Germany_Japan,11,Germany,Japan,4231,RAUM David,3,FB,11982.2,3963.7,4689.8,1830.9,927.4,570.4,170,74,33.8,59,40,21,56,32,43,43,34,57,40,37,49,37,27,39,35,29,16
Costa Rica 2 - 4 Germany,Germany_Costa Rica,44,Germany,Costa Rica,4231,RUEDIGER Antonio,2,CD,9678.8,4113.5,3831.8,1058.9,539.1,135.5,99,35,30.3,48,40,21,52,29,47,43,33,57,38,33,49,38,27,39,34,32,14
Germany 1 - 2 Japan,Germany_Japan,11,Germany,Japan,4231,RUEDIGER Antonio,2,CD,9725.2,4004.8,3871.6,1009.5,582.5,256.7,93,41,32.8,59,40,21,56,32,43,43,34,57,40,37,49,37,27,39,35,29,16
Spain 1 - 1 Germany,Germany_Spain,28,Germany,Spain,4231,RUEDIGER Antonio,2,CD,10254.9,3376.9,4480.4,1451.1,631.7,314.8,117,41,33.4,56,39,17,50,29,42,42,34,54,43,37,50,40,24,41,35,22,17
Costa Rica 2 - 4 Germany,Germany_Costa Rica,44,Germany,Costa Rica,4231,SANE Leroy,19,WG,10543.7,3884.3,3659.7,1537.3,975.3,488.2,131,66,34.3,48,40,21,52,29,47,43,33,57,38,33,49,38,27,39,34,32,14
Germany 1 - 2 Japan,Germany_Japan,11,Germany,Japan,4231,SCHLOTTERBECK Nico,23,CD,10185,3856,4333.7,1331.2,510.3,153.8,120,41,28.6,59,40,21,56,32,43,43,34,57,40,37,49,37,27,39,35,29,16
Costa Rica 2 - 4 Germany,Germany_Costa Rica,44,Germany,Costa Rica,4231,SUELE Niklas,15,CD,8855.4,3683.9,3901.7,770.4,372.8,126.6,77,29,29.9,48,40,21,52,29,47,43,33,57,38,33,49,38,27,39,34,32,14
Germany 1 - 2 Japan,Germany_Japan,11,Germany,Japan,4231,SUELE Niklas,15,FB,10642.5,4054.8,4685.9,1063.2,629,209.7,108,48,32.7,59,40,21,56,32,43,43,34,57,40,37,49,37,27,39,35,29,16
Spain 1 - 1 Germany,Germany_Spain,28,Germany,Spain,4231,SUELE Niklas,15,CD,10261.2,3531.9,4732.4,1263.1,514.1,219.6,109,40,31.7,56,39,17,50,29,42,42,34,54,43,37,50,40,24,41,35,22,17
Korea Republic 2 - 3 Ghana,Ghana_Korea Republic,30,Ghana,Korea Republic,4231,ABDUL SAMED Salis,21,CM,11962.5,3258.6,5635.5,2256.1,699.8,112.4,196,57,29.4,53,35,21,54,32,41,45,35,53,41,39,47,36,29,36,35,26,15
Korea Republic 2 - 3 Ghana,Ghana_Korea Republic,30,Ghana,Korea Republic,4231,AMARTEY Daniel,18,CD,9795.1,3745.7,4506.7,1100,363.4,78.4,100,27,31.1,53,35,21,54,32,41,45,35,53,41,39,47,36,29,36,35,26,15
Ghana 0 - 2 Uruguay,Ghana_Uruguay,45,Ghana,Uruguay,4231,AMARTEY Daniel,18,CD,9832.5,3994,4212.3,962.6,418.9,244.8,89,32,33.2,50,39,17,51,32,44,42,35,55,36,38,47,36,30,36,35,28,17
Ghana 0 - 2 Uruguay,Ghana_Uruguay,45,Ghana,Uruguay,4231,KUDUS Mohammed,20,FW,10051.5,3841.7,4090,1197.1,629.2,293.5,111,59,32.4,50,39,17,51,32,44,42,35,55,36,38,47,36,30,36,35,28,17
Korea Republic 2 - 3 Ghana,Ghana_Korea Republic,30,Ghana,Korea Republic,4231,PARTEY Thomas,5,CM,11259.1,3483.6,5596.9,1521.1,537.1,119.3,134,36,32.1,53,35,21,54,32,41,45,35,53,41,39,47,36,29,36,35,26,15
Ghana 0 - 2 Uruguay,Ghana_Uruguay,45,Ghana,Uruguay,4231,PARTEY Thomas,5,CM,10877.1,3803.7,4840.3,1581.5,552.6,97.9,130,38,29,50,39,17,51,32,44,42,35,55,36,38,47,36,30,36,35,28,17
Ghana 0 - 2 Uruguay,Ghana_Uruguay,45,Ghana,Uruguay,4231,RAHMAN Baba,17,FB,10464.3,3585.1,4115.6,1605.2,858.1,300.3,128,63,34.1,50,39,17,51,32,44,42,35,55,36,38,47,36,30,36,35,28,17
Korea Republic 2 - 3 Ghana,Ghana_Korea Republic,30,Ghana,Korea Republic,4231,SALISU Mohammed,4,CD,9634.8,4454.2,3754.7,866.2,387.3,172.5,87,32,30.1,53,35,21,54,32,41,45,35,53,41,39,47,36,29,36,35,26,15
Ghana 0 - 2 Uruguay,Ghana_Uruguay,45,Ghana,Uruguay,4231,SALISU Mohammed,4,CD,9954.8,4833,3257.2,1107,497.7,259.8,94,36,31.1,50,39,17,51,32,44,42,35,55,36,38,47,36,30,36,35,28,17
Ghana 0 - 2 Uruguay,Ghana_Uruguay,45,Ghana,Uruguay,4231,SEIDU Alidu,26,FB,10187.2,4042.3,3982.2,1153.2,633.6,375.9,111,56,34.2,50,39,17,51,32,44,42,35,55,36,38,47,36,30,36,35,28,17
Korea Republic 2 - 3 Ghana,Ghana_Korea Republic,30,Ghana,Korea Republic,4231,WILLIAMS Inaki,19,WG,10433.3,3866.6,3824.8,1526.4,706.3,509.1,129,56,34,53,35,21,54,32,41,45,35,53,41,39,47,36,29,36,35,26,15
IR Iran 0 - 1 USA,IR Iran_USA,34,IR Iran,USA,442,EZATOLAHI Saeid,6,CM,11659,4208.9,5297.9,1608.9,518.8,23.3,128,36,26.9,51,41,19,55,33,41,47,35,53,41,40,46,38,29,35,38,27,19
IR Iran 0 - 1 USA,IR Iran_USA,34,IR Iran,USA,442,HOSSEINI Majid,19,CD,10193.7,3932.7,4828.8,937.8,377.2,117.2,93,30,29.8,51,41,19,55,33,41,47,35,53,41,40,46,38,29,35,38,27,19
IR Iran 0 - 1 USA,IR Iran_USA,34,IR Iran,USA,442,POURALIGANJI Morteza,8,CD,10599.4,3820,4551.4,1435.2,558.6,234.2,122,41,30.8,51,41,19,55,33,41,47,35,53,41,40,46,38,29,35,38,27,19
IR Iran 0 - 1 USA,IR Iran_USA,34,IR Iran,USA,442,REZAEIAN Ramin,23,FB,12004,3756.1,5440.2,1528.1,935.1,344.5,138,71,32.4,51,41,19,55,33,41,47,35,53,41,40,46,38,29,35,38,27,19
IR Iran 0 - 1 USA,IR Iran_USA,34,IR Iran,USA,442,TAREMI Mehdi,9,FW,11861.2,3889.3,5237.9,1430.5,978.5,323.8,134,67,32.3,51,41,19,55,33,41,47,35,53,41,40,46,38,29,35,38,27,19
Japan 1 - 1 Croatia,Japan_Croatia,53,Japan,Croatia,343,ENDO Wataru,6,CM,13652.3,4726.4,6493,1833.5,512,90.1,165,45,28.6,54,37,20,56,33,42,46,36,54,42,36,48,42,25,38,37,22,21
Japan 2 - 1 Spain,Japan_Spain,43,Japan,Spain,343,ITAKURA Kou,4,CD,9677.5,3768.4,4659.7,853.6,326.1,69.7,78,31,31.5,45,33,19,57,31,36,44,34,55,45,35,50,46,20,38,40,17,21
Japan 1 - 1 Croatia,Japan_Croatia,53,Japan,Croatia,343,ITO Junya,14,FB,12463.5,4933.1,5110,1338.6,694.2,386.4,132,57,31.4,54,37,20,56,33,42,46,36,54,42,36,48,42,25,38,37,22,21
Japan 2 - 1 Spain,Japan_Spain,43,Japan,Spain,343,ITO Junya,14,FB,9262.4,3784.6,3957.8,886.4,444.6,189,87,38,34.1,45,33,19,57,31,36,44,34,55,45,35,50,46,20,38,40,17,21
Japan 1 - 1 Croatia,Japan_Croatia,53,Japan,Croatia,343,MORITA Hidemasa,13,CM,12683.5,3627.5,6114.7,2048.4,778.8,114.2,175,53,30.8,54,37,20,56,33,42,46,36,54,42,36,48,42,25,38,37,22,21
Japan 2 - 1 Spain,Japan_Spain,43,Japan,Spain,343,MORITA Hidemasa,13,CM,12657,2764.3,7247.4,1889.7,678.4,77.2,159,55,29.1,45,33,19,57,31,36,44,34,55,45,35,50,46,20,38,40,17,21
Japan 1 - 1 Croatia,Japan_Croatia,53,Japan,Croatia,343,TANIGUCHI Shogo,3,CD,12020.5,5091.9,5664,887.1,317.3,60.1,86,26,28.3,54,37,20,56,33,42,46,36,54,42,36,48,42,25,38,37,22,21
Japan 2 - 1 Spain,Japan_Spain,43,Japan,Spain,343,TANIGUCHI Shogo,3,CD,10520.2,3525.3,5640.9,889,372.4,91.5,88,31,28.7,45,33,19,57,31,36,44,34,55,45,35,50,46,20,38,40,17,21
Japan 1 - 1 Croatia,Japan_Croatia,53,Japan,Croatia,343,TOMIYASU Takehiro,16,CD,13113.2,4729.9,6278.6,1506.7,469.5,128.5,138,41,31.7,54,37,20,56,33,42,46,36,54,42,36,48,42,25,38,37,22,21
Japan 1 - 1 Croatia,Japan_Croatia,53,Japan,Croatia,343,YOSHIDA Maya,22,CD,11521.4,5304.5,4930,951.7,183.2,150.9,89,21,30.9,54,37,20,56,33,42,46,36,54,42,36,48,42,25,38,37,22,21
Japan 2 - 1 Spain,Japan_Spain,43,Japan,Spain,343,YOSHIDA Maya,22,CD,10251.4,3664.9,5376.9,903.1,267.6,39,85,24,31,45,33,19,57,31,36,44,34,55,45,35,50,46,20,38,40,17,21
Korea Republic 2 - 3 Ghana,Korea Republic_Ghana,30,Korea Republic,Ghana,4231,CHO Guesung,NA,FW,11000,3723.8,4815,1469.7,785.5,206.8,140,66,31.1,54,41,20,54,35,42,45,37,55,36,36,47,36,25,39,33,25,18
Korea Republic 2 - 3 Ghana,Korea Republic_Ghana,30,Korea Republic,Ghana,4231,HWANG Inbeom,6,CM,11901.6,2979,6057.9,2059,646.3,159.5,159,41,30.3,54,41,20,54,35,42,45,37,55,36,36,47,36,25,39,33,25,18
Uruguay 0 - 0 Korea Republic,Korea Republic_Uruguay,14,Korea Republic,Uruguay,4231,HWANG Inbeom,6,CM,11753,2904.2,6198.5,1687.7,708.7,253.9,146,52,31.4,55,42,17,55,34,42,43,38,52,40,36,49,39,24,37,35,23,19
Uruguay 0 - 0 Korea Republic,Korea Republic_Uruguay,14,Korea Republic,Uruguay,4231,JUNG Wooyoung,5,CM,10626.7,3772.5,4377.1,1670.5,578.1,229.5,144,36,30.1,55,42,17,55,34,42,43,38,52,40,36,49,39,24,37,35,23,19
Korea Republic 2 - 3 Ghana,Korea Republic_Ghana,30,Korea Republic,Ghana,4231,KIM Jinsu,3,FB,10275.7,3832.8,4183.2,1406.7,534.3,317.5,142,51,32.3,54,41,20,54,35,42,45,37,55,36,36,47,36,25,39,33,25,18
Uruguay 0 - 0 Korea Republic,Korea Republic_Uruguay,14,Korea Republic,Uruguay,4231,KIM Jinsu,3,FB,10007.8,4040.1,3500.7,1300,759.6,407.3,120,56,30.8,55,42,17,55,34,42,43,38,52,40,36,49,39,24,37,35,23,19
Korea Republic 2 - 3 Ghana,Korea Republic_Ghana,30,Korea Republic,Ghana,4231,KIM Minjae,4,CD,8638.9,3551.4,3297.5,999.5,470,320.5,91,39,33.6,54,41,20,54,35,42,45,37,55,36,36,47,36,25,39,33,25,18
Uruguay 0 - 0 Korea Republic,Korea Republic_Uruguay,14,Korea Republic,Uruguay,4231,KIM Minjae,4,CD,9070.5,3760.6,3525.7,1043.1,477.1,264,98,40,32.1,55,42,17,55,34,42,43,38,52,40,36,49,39,24,37,35,23,19
Korea Republic 2 - 3 Ghana,Korea Republic_Ghana,30,Korea Republic,Ghana,4231,KIM Moonhwan,15,FB,10632.9,3666.2,4263.8,1523.7,795.3,382.8,143,70,30.7,54,41,20,54,35,42,45,37,55,36,36,47,36,25,39,33,25,18
Uruguay 0 - 0 Korea Republic,Korea Republic_Uruguay,14,Korea Republic,Uruguay,4231,KIM Moonhwan,15,FB,10736.8,3816.9,4510.5,1344.3,699,366.1,131,58,32.3,55,42,17,55,34,42,43,38,52,40,36,49,39,24,37,35,23,19
Korea Republic 2 - 3 Ghana,Korea Republic_Ghana,30,Korea Republic,Ghana,4231,KIM Younggwon,19,CD,9220.4,4305.9,3360.8,1017,441.7,95,103,37,29.3,54,41,20,54,35,42,45,37,55,36,36,47,36,25,39,33,25,18
Uruguay 0 - 0 Korea Republic,Korea Republic_Uruguay,14,Korea Republic,Uruguay,4231,KIM Younggwon,19,CD,8678,4069.1,3118.9,916.4,391.4,182.2,88,30,31.3,55,42,17,55,34,42,43,38,52,40,36,49,39,24,37,35,23,19
Korea Republic 2 - 3 Ghana,Korea Republic_Ghana,30,Korea Republic,Ghana,4231,SON Heungmin,7,WG,9815.4,3902.6,3968.4,1029.6,608.6,307.2,103,45,32.3,54,41,20,54,35,42,45,37,55,36,36,47,36,25,39,33,25,18
Uruguay 0 - 0 Korea Republic,Korea Republic_Uruguay,14,Korea Republic,Uruguay,4231,SON Heungmin,7,WG,10137.2,3844,4342.8,1164.8,553.5,233.2,114,55,33,55,42,17,55,34,42,43,38,52,40,36,49,39,24,37,35,23,19
Saudi Arabia 1 - 2 Mexico,Mexico_Saudi Arabia,40,Mexico,Saudi Arabia,4231,CHAVEZ Luis,24,CM,10732.4,3652.2,4918.7,1419.9,619.3,121.3,120,46,31.9,54,39,22,54,33,40,43,38,52,40,39,48,40,31,37,35,31,16
Saudi Arabia 1 - 2 Mexico,Mexico_Saudi Arabia,40,Mexico,Saudi Arabia,4231,GALLARDO Jesus,23,FB,11070.5,4174.7,4577.7,1130.3,766.1,421.8,99,59,32.3,54,39,22,54,33,40,43,38,52,40,39,48,40,31,37,35,31,16
Saudi Arabia 1 - 2 Mexico,Mexico_Saudi Arabia,40,Mexico,Saudi Arabia,4231,LOZANO Hirving,22,WG,9188.2,4573,2615,990.5,572.4,437.4,92,57,34.3,54,39,22,54,33,40,43,38,52,40,39,48,40,31,37,35,31,16
Saudi Arabia 1 - 2 Mexico,Mexico_Saudi Arabia,40,Mexico,Saudi Arabia,4231,MONTES Cesar,3,CD,9908.4,3707.7,4658,1113.7,329,100.1,103,33,29,54,39,22,54,33,40,43,38,52,40,39,48,40,31,37,35,31,16
Saudi Arabia 1 - 2 Mexico,Mexico_Saudi Arabia,40,Mexico,Saudi Arabia,4231,MORENO Hector,15,CD,9365.6,3713.5,4370.9,978.7,286.6,16.9,93,27,28.2,54,39,22,54,33,40,43,38,52,40,39,48,40,31,37,35,31,16
Belgium 0 - 2 Morocco,Morocco_Belgium,26,Morocco,Belgium,433,AGUERD Nayef,5,CD,9618.5,4116.7,3921.5,954.2,465.5,160.6,103,41,33.5,57,42,15,57,36,36,45,39,50,41,36,48,41,23,38,37,22,20
Canada 1 - 2 Morocco,Morocco_Canada,42,Morocco,Canada,433,AGUERD Nayef,5,CD,10028.1,3894.9,4334.1,1147.2,377.1,274.8,110,32,32,57,41,17,56,37,34,41,38,52,38,38,44,41,24,37,38,19,21
Morocco 0 - 0 Croatia,Morocco_Croatia,12,Morocco,Croatia,433,AGUERD Nayef,5,CD,9529.1,3915.5,3911.7,1081.6,427.9,192.5,108,39,34.9,54,43,17,57,34,39,43,37,53,40,36,48,40,24,37,37,24,19
Morocco 0 - 0 Croatia,Morocco_Croatia,12,Morocco,Croatia,433,AMALLAH Selim,15,CM,10996.7,3175.8,5397.2,1570.3,702.7,150.7,138,52,32.2,54,43,17,57,34,39,43,37,53,40,36,48,40,24,37,37,24,19
Belgium 0 - 2 Morocco,Morocco_Belgium,26,Morocco,Belgium,433,AMRABAT Sofyan,4,CM,11215,3506.9,5397.8,1495,602.2,214.2,132,46,32.6,57,42,15,57,36,36,45,39,50,41,36,48,41,23,38,37,22,20
Canada 1 - 2 Morocco,Morocco_Canada,42,Morocco,Canada,433,AMRABAT Sofyan,4,CM,11242.2,3585.1,5118.6,1598.6,720.6,221.5,140,59,31.7,57,41,17,56,37,34,41,38,52,38,38,44,41,24,37,38,19,21
Morocco 0 - 0 Croatia,Morocco_Croatia,12,Morocco,Croatia,433,AMRABAT Sofyan,4,CM,10975.8,3091.9,5680,1533.3,627.8,43.9,149,55,28.5,54,43,17,57,34,39,43,37,53,40,36,48,40,24,37,37,24,19
Canada 1 - 2 Morocco,Morocco_Canada,42,Morocco,Canada,433,EN-NESYRI Youssef,19,FW,11061.9,3463.5,4663.7,1383.8,953.5,597.3,127,81,33.2,57,41,17,56,37,34,41,38,52,38,38,44,41,24,37,38,19,21
Morocco 0 - 0 Croatia,Morocco_Croatia,12,Morocco,Croatia,433,HAKIMI Achraf,2,FB,9307.8,3531.4,3887.9,1102,463.5,323.9,98,46,35.3,54,43,17,57,34,39,43,37,53,40,36,48,40,24,37,37,24,19
Belgium 0 - 2 Morocco,Morocco_Belgium,26,Morocco,Belgium,433,MAZRAOUI Noussair,3,FB,10293.6,3548.2,4885.3,899.7,709.2,251.2,91,54,33.5,57,42,15,57,36,36,45,39,50,41,36,48,41,23,38,37,22,20
Canada 1 - 2 Morocco,Morocco_Canada,42,Morocco,Canada,433,MAZRAOUI Noussair,3,FB,10048.5,3802.4,4273.6,1077.2,573.8,321.6,108,47,31.6,57,41,17,56,37,34,41,38,52,38,38,44,41,24,37,38,19,21
Belgium 0 - 2 Morocco,Morocco_Belgium,26,Morocco,Belgium,433,SAISS Romain,6,CD,9496.8,4007.6,3916.5,935.4,447.3,189.9,91,40,31.9,57,42,15,57,36,36,45,39,50,41,36,48,41,23,38,37,22,20
Canada 1 - 2 Morocco,Morocco_Canada,42,Morocco,Canada,433,SAISS Romain,6,CD,9814,3817.6,4316.2,1120.8,436.7,122.7,94,38,31.1,57,41,17,56,37,34,41,38,52,38,38,44,41,24,37,38,19,21
Morocco 0 - 0 Croatia,Morocco_Croatia,12,Morocco,Croatia,433,SAISS Romain,6,CD,9148.2,3687.7,4023.4,897.4,370.5,169.2,85,35,31,54,43,17,57,34,39,43,37,53,40,36,48,40,24,37,37,24,19
Belgium 0 - 2 Morocco,Morocco_Belgium,26,Morocco,Belgium,433,ZIYECH Hakim,7,WG,9703.2,3759,3280.7,1431.2,860.7,371.6,126,62,31.3,57,42,15,57,36,36,45,39,50,41,36,48,41,23,38,37,22,20
Morocco 0 - 0 Croatia,Morocco_Croatia,12,Morocco,Croatia,433,ZIYECH Hakim,7,WG,9886.1,3813.1,3369.2,1735,788.9,179.9,144,62,28.5,54,43,17,57,34,39,43,37,53,40,36,48,40,24,37,37,24,19
Netherlands 2 - 2 Argentina,Netherlands_Argentina,57,Netherlands,Argentina,343,AKE Nathan,5,CD,13272.3,5050.1,6113.2,1363.1,568.1,179.2,125,49,31,57,39,21,58,34,39,42,37,53,43,37,47,43,27,36,36,23,17
Senegal 0 - 2 Netherlands,Netherlands_Senegal,2,Netherlands,Senegal,343,AKE Nathan,5,CD,9723.1,3413.8,4637.9,1177.5,351,142.9,107,31,31.7,55,40,20,58,34,41,41,35,55,42,38,47,43,28,38,33,28,14
Netherlands 3 - 1 USA,Netherlands_USA,49,Netherlands,USA,343,AKE Nathan,5,CD,9931.8,3151.4,4853.7,1266.3,503.5,155.9,102,42,31.3,55,40,17,57,34,38,37,40,48,40,39,49,42,26,37,35,24,18
Netherlands 2 - 2 Argentina,Netherlands_Argentina,57,Netherlands,Argentina,343,BERGHUIS Steven,11,CM,9209.8,3435.3,3358.8,1580.4,615.2,219.2,128,49,30.8,57,39,21,58,34,39,42,37,53,43,37,47,43,27,36,36,23,17
Senegal 0 - 2 Netherlands,Netherlands_Senegal,2,Netherlands,Senegal,343,BLIND Daley,17,FB,11202.6,3522.1,4621.1,1892.1,973.5,193.8,168,59,29,55,40,20,58,34,41,41,35,55,42,38,47,43,28,38,33,28,14
Netherlands 3 - 1 USA,Netherlands_USA,49,Netherlands,USA,343,BLIND Daley,17,FB,11278.8,3365.6,4935.6,1973.8,791.8,210.9,148,52,28.5,55,40,17,57,34,38,37,40,48,40,39,49,42,26,37,35,24,18
Netherlands 2 - 2 Argentina,Netherlands_Argentina,57,Netherlands,Argentina,343,DE JONG Frenkie,21,CM,15337.8,4800.7,7326.9,2250.1,759.2,200.9,185,62,32.6,57,39,21,58,34,39,42,37,53,43,37,47,43,27,36,36,23,17
Senegal 0 - 2 Netherlands,Netherlands_Senegal,2,Netherlands,Senegal,343,DE JONG Frenkie,21,CM,11421.1,3864.9,4867.7,1774.8,670.4,243.3,135,50,30.7,55,40,20,58,34,41,41,35,55,42,38,47,43,28,38,33,28,14
Netherlands 3 - 1 USA,Netherlands_USA,49,Netherlands,USA,343,DE JONG Frenkie,21,CM,12012,3370.6,5871.4,1990.4,659.5,120.1,152,51,29.4,55,40,17,57,34,38,37,40,48,40,39,49,42,26,37,35,24,18
Senegal 0 - 2 Netherlands,Netherlands_Senegal,2,Netherlands,Senegal,343,DE LIGT Matthijs,3,CD,10210.1,3688.9,4643.5,1289.5,411.5,176.6,108,32,32.7,55,40,20,58,34,41,41,35,55,42,38,47,43,28,38,33,28,14
Netherlands 2 - 2 Argentina,Netherlands_Argentina,57,Netherlands,Argentina,343,DUMFRIES Denzel,22,FB,13874.9,5491.7,5402.9,1802.3,822.8,356.6,162,72,33.5,57,39,21,58,34,39,42,37,53,43,37,47,43,27,36,36,23,17
Senegal 0 - 2 Netherlands,Netherlands_Senegal,2,Netherlands,Senegal,343,DUMFRIES Denzel,22,FB,10415.2,3705.7,3876.5,1685.2,860.3,288.5,155,60,31.1,55,40,20,58,34,41,41,35,55,42,38,47,43,28,38,33,28,14
Netherlands 3 - 1 USA,Netherlands_USA,49,Netherlands,USA,343,DUMFRIES Denzel,22,FB,11071.8,3754.4,4417.6,1574.4,813.8,511.5,145,61,32.3,55,40,17,57,34,38,37,40,48,40,39,49,42,26,37,35,24,18
Netherlands 2 - 2 Argentina,Netherlands_Argentina,57,Netherlands,Argentina,343,GAKPO Cody,8,FW,13378.6,4617,5917.4,2006.8,610.1,227.4,167,53,30.1,57,39,21,58,34,39,42,37,53,43,37,47,43,27,36,36,23,17
Senegal 0 - 2 Netherlands,Netherlands_Senegal,2,Netherlands,Senegal,343,GAKPO Cody,8,FW,10707.9,3543.2,4660.1,1493.7,765.6,246.3,126,52,32.8,55,40,20,58,34,41,41,35,55,42,38,47,43,28,38,33,28,14
Netherlands 3 - 1 USA,Netherlands_USA,49,Netherlands,USA,343,GAKPO Cody,8,FW,10937.3,3626.8,4805.8,1578.3,610.3,316.1,135,42,33.7,55,40,17,57,34,38,37,40,48,40,39,49,42,26,37,35,24,18
Netherlands 2 - 2 Argentina,Netherlands_Argentina,57,Netherlands,Argentina,343,KOOPMEINERS Teun,20,CM,9189.5,2908.5,4229,1466.7,522,64.3,133,38,29.7,57,39,21,58,34,39,42,37,53,43,37,47,43,27,36,36,23,17
Netherlands 2 - 2 Argentina,Netherlands_Argentina,57,Netherlands,Argentina,343,TIMBER Jurrien,2,CD,11915.1,5115.1,4979.3,965.1,689.9,165.6,103,52,29.9,57,39,21,58,34,39,42,37,53,43,37,47,43,27,36,36,23,17
Netherlands 3 - 1 USA,Netherlands_USA,49,Netherlands,USA,343,TIMBER Jurrien,2,CD,9718.6,3522,4240.2,1252.7,512.2,191.5,117,49,30.9,55,40,17,57,34,38,37,40,48,40,39,49,42,26,37,35,24,18
Netherlands 2 - 2 Argentina,Netherlands_Argentina,57,Netherlands,Argentina,343,VAN DIJK Virgil,4,CD,11727.5,6046.7,3966.2,1258.4,331.9,124.3,120,32,31.5,57,39,21,58,34,39,42,37,53,43,37,47,43,27,36,36,23,17
Senegal 0 - 2 Netherlands,Netherlands_Senegal,2,Netherlands,Senegal,343,VAN DIJK Virgil,4,CD,8886.1,4232.5,3143.9,937.5,416.8,155.5,91,29,32.8,55,40,20,58,34,41,41,35,55,42,38,47,43,28,38,33,28,14
Netherlands 3 - 1 USA,Netherlands_USA,49,Netherlands,USA,343,VAN DIJK Virgil,4,CD,9199.5,3924.5,3569.4,1131.5,347.7,226.3,108,34,32.3,55,40,17,57,34,38,37,40,48,40,39,49,42,26,37,35,24,18
Poland 2 - 0 Saudi Arabia,Poland_Saudi Arabia,22,Poland,Saudi Arabia,442,BERESZYNSKI Bartosz,18,FB,10867.6,4304.6,4534,1077,662.9,288,100,50,32.1,54,38,20,49,32,42,41,39,51,41,36,49,38,27,37,34,26,18
Poland 2 - 0 Saudi Arabia,Poland_Saudi Arabia,22,Poland,Saudi Arabia,442,BIELIK Krystian,6,CM,11402.5,3632.8,5258.8,1922.5,580.4,8,153,33,26.2,54,38,20,49,32,42,41,39,51,41,36,49,38,27,37,34,26,18
Poland 0 - 2 Argentina,Poland_Argentina,39,Poland,Argentina,442,CASH Matty,2,FB,9744.1,4085.7,4141.3,722,519.4,275.8,72,47,33.8,44,38,22,52,36,33,42,33,49,42,33,44,37,26,35,32,24,20
Poland 2 - 0 Saudi Arabia,Poland_Saudi Arabia,22,Poland,Saudi Arabia,442,CASH Matty,2,FB,10707.3,3981,4334.3,1312.7,764.5,313.7,113,59,32.5,54,38,20,49,32,42,41,39,51,41,36,49,38,27,37,34,26,18
Poland 2 - 0 Saudi Arabia,Poland_Saudi Arabia,22,Poland,Saudi Arabia,442,FRANKOWSKI Przemyslaw,24,WG,11825.1,4526.7,4351.6,1637.8,786.4,522.7,145,59,33.2,54,38,20,49,32,42,41,39,51,41,36,49,38,27,37,34,26,18
Poland 0 - 2 Argentina,Poland_Argentina,39,Poland,Argentina,442,GLIK Kamil,15,CD,8768,4219.2,3755.3,544.5,234.1,14.9,52,21,29.2,44,38,22,52,36,33,42,33,49,42,33,44,37,26,35,32,24,20
Poland 2 - 0 Saudi Arabia,Poland_Saudi Arabia,22,Poland,Saudi Arabia,442,GLIK Kamil,15,CD,9133,4197.5,3657.8,1022,205.5,51.1,82,13,27.2,54,38,20,49,32,42,41,39,51,41,36,49,38,27,37,34,26,18
Poland 0 - 2 Argentina,Poland_Argentina,39,Poland,Argentina,442,KIWIOR Jakub,14,CD,9329.2,3639.3,4469.6,824.7,263.1,132.5,76,24,32.5,44,38,22,52,36,33,42,33,49,42,33,44,37,26,35,32,24,20
Poland 2 - 0 Saudi Arabia,Poland_Saudi Arabia,22,Poland,Saudi Arabia,442,KIWIOR Jakub,14,CD,9587.9,3501.5,4555.2,939.6,439.1,151.5,78,34,29.5,54,38,20,49,32,42,41,39,51,41,36,49,38,27,37,34,26,18
Poland 2 - 0 Saudi Arabia,Poland_Saudi Arabia,22,Poland,Saudi Arabia,442,KRYCHOWIAK Grzegorz,10,CM,10632.7,4249.9,4086.2,1447.1,651.8,197.8,127,49,32,54,38,20,49,32,42,41,39,51,41,36,49,38,27,37,34,26,18
Poland 0 - 2 Argentina,Poland_Argentina,39,Poland,Argentina,442,LEWANDOWSKI Robert,9,FW,10457.8,4829.4,4282.5,930.7,331.5,83.7,86,24,31.3,44,38,22,52,36,33,42,33,49,42,33,44,37,26,35,32,24,20
Poland 2 - 0 Saudi Arabia,Poland_Saudi Arabia,22,Poland,Saudi Arabia,442,LEWANDOWSKI Robert,9,FW,10845,5202.3,3619,1057.4,635.5,330.8,91,48,33.6,54,38,20,49,32,42,41,39,51,41,36,49,38,27,37,34,26,18
Poland 0 - 2 Argentina,Poland_Argentina,39,Poland,Argentina,442,ZIELINSKI Piotr,20,WG,11983.4,3684.9,6257.7,1402.1,498.5,140.2,134,41,30.1,44,38,22,52,36,33,42,33,49,42,33,44,37,26,35,32,24,20
Korea Republic 2 - 1 Portugal,Portugal_Korea Republic,46,Portugal,Korea Republic,433,ANTONIO SILVA,24,CD,9559.2,3647.8,4478.5,912.9,391,129,86,30,32,53,38,21,54,32,41,45,37,53,40,38,47,38,29,38,32,30,15
Portugal 3 - 2 Ghana,Portugal_Ghana,15,Portugal,Ghana,433,BRUNO FERNANDES,8,WG,11594.6,3765.9,5270.9,1563,740.9,253.9,141,58,34,56,39,21,54,31,41,43,35,55,40,36,48,38,28,37,35,31,19
Portugal 3 - 2 Ghana,Portugal_Ghana,15,Portugal,Ghana,433,DANILO PEREIRA,13,CD,9277.9,4051.6,3619.3,983.5,515.8,106.7,81,35,30.4,56,39,21,54,31,41,43,35,55,40,36,48,38,28,37,35,31,19
Korea Republic 2 - 1 Portugal,Portugal_Korea Republic,46,Portugal,Korea Republic,433,DIOGO DALOT,2,FB,10155.5,4178,3696.6,1064.3,775.9,440.8,114,65,32.1,53,38,21,54,32,41,45,37,53,40,38,47,38,29,38,32,30,15
Portugal 6 - 1 Switzerland,Portugal_Switzerland,56,Portugal,Switzerland,433,DIOGO DALOT,2,FB,10035.8,4138.8,3520.6,1353.8,666.4,356.3,119,50,34.5,55,39,20,51,36,37,40,40,50,40,36,47,38,27,38,34,24,17
Portugal 3 - 2 Ghana,Portugal_Ghana,15,Portugal,Ghana,433,JOAO CANCELO,20,FB,10763.3,4336.5,4343,1140.9,770.7,172.2,108,55,33.5,56,39,21,54,31,41,43,35,55,40,36,48,38,28,37,35,31,19
Korea Republic 2 - 1 Portugal,Portugal_Korea Republic,46,Portugal,Korea Republic,433,JOAO CANCELO,20,FB,10683,4109.8,4479.4,1193.3,641,258.5,111,52,32.7,53,38,21,54,32,41,45,37,53,40,38,47,38,29,38,32,30,15
Korea Republic 2 - 1 Portugal,Portugal_Korea Republic,46,Portugal,Korea Republic,433,PEPE,3,CD,9720.3,3888.1,3909.5,1318.1,480.2,123.4,118,34,31.2,53,38,21,54,32,41,45,37,53,40,38,47,38,29,38,32,30,15
Portugal 6 - 1 Switzerland,Portugal_Switzerland,56,Portugal,Switzerland,433,PEPE,3,CD,10469.7,3815.2,4506.2,1567.3,482.7,98.4,121,34,30.4,55,39,20,51,36,37,40,40,50,40,36,47,38,27,38,34,24,17
Portugal 3 - 2 Ghana,Portugal_Ghana,15,Portugal,Ghana,433,RAPHAEL GUERREIRO,5,FB,11105.7,3602.7,5076.4,1540.4,816.3,71.1,139,60,31.1,56,39,21,54,31,41,43,35,55,40,36,48,38,28,37,35,31,19
Portugal 6 - 1 Switzerland,Portugal_Switzerland,56,Portugal,Switzerland,433,RAPHAEL GUERREIRO,5,FB,10905.1,3647.7,5062.1,1344.6,568.2,282.4,118,44,30.9,55,39,20,51,36,37,40,40,50,40,36,47,38,27,38,34,24,17
Korea Republic 2 - 1 Portugal,Portugal_Korea Republic,46,Portugal,Korea Republic,433,RICARDO HORTA,21,WG,12191.5,4002.5,5217.9,1780,886.3,303.6,152,65,31.6,53,38,21,54,32,41,45,37,53,40,38,47,38,29,38,32,30,15
Portugal 3 - 2 Ghana,Portugal_Ghana,15,Portugal,Ghana,433,RUBEN DIAS,4,CD,10502,4034.9,4767.9,1043.9,471.5,183.8,98,33,32.5,56,39,21,54,31,41,43,35,55,40,36,48,38,28,37,35,31,19
Portugal 6 - 1 Switzerland,Portugal_Switzerland,56,Portugal,Switzerland,433,RUBEN DIAS,4,CD,10666,3572,5537.8,1127.4,356.2,73.6,93,24,31.4,55,39,20,51,36,37,40,40,50,40,36,47,38,27,38,34,24,17
Portugal 6 - 1 Switzerland,Portugal_Switzerland,56,Portugal,Switzerland,433,WILLIAM CARVALHO,14,CM,11475.4,4073.8,4878.2,2020.8,467,34.4,161,33,30.4,55,39,20,51,36,37,40,40,50,40,36,47,38,27,38,34,24,17
Saudi Arabia 1 - 2 Mexico,Saudi Arabia_Mexico,40,Saudi Arabia,Mexico,442,ABDULELAH ALAMRI,4,CD,9868.2,3895,3520,1293.7,743.1,417.4,127,64,32.7,49,40,16,49,31,42,41,36,53,40,33,49,39,24,39,36,26,18
Saudi Arabia 1 - 2 Mexico,Saudi Arabia_Mexico,40,Saudi Arabia,Mexico,442,FERAS ALBRIKAN,9,WG,10436.6,4361.4,4052.5,1030.1,595.9,396.6,100,60,33.8,49,40,16,49,31,42,41,36,53,40,33,49,39,24,39,36,26,18
Saudi Arabia 1 - 2 Mexico,Saudi Arabia_Mexico,40,Saudi Arabia,Mexico,442,HASSAN ALTAMBAKTI,17,CD,10047.1,3713.4,3967.6,1238.8,764.6,362.7,120,61,34.1,49,40,16,49,31,42,41,36,53,40,33,49,39,24,39,36,26,18
Saudi Arabia 1 - 2 Mexico,Saudi Arabia_Mexico,40,Saudi Arabia,Mexico,442,MOHAMED KANNO,23,FW,9921.9,4520.4,3291.1,1415.8,445.5,249,112,42,32.5,49,40,16,49,31,42,41,36,53,40,33,49,39,24,39,36,26,18
Saudi Arabia 1 - 2 Mexico,Saudi Arabia_Mexico,40,Saudi Arabia,Mexico,442,SALEM ALDAWSARI,10,WG,10390.6,4253.9,3514.1,1334.2,860.3,428.1,131,69,33,49,40,16,49,31,42,41,36,53,40,33,49,39,24,39,36,26,18
Saudi Arabia 1 - 2 Mexico,Saudi Arabia_Mexico,40,Saudi Arabia,Mexico,442,SAUD ABDULHAMID,12,CM,10756.6,3905.7,4063.8,1365,925.1,497,132,75,32.9,49,40,16,49,31,42,41,36,53,40,33,49,39,24,39,36,26,18
Senegal 0 - 2 Netherlands,Senegal_Netherlands,2,Senegal,Netherlands,4231,CISSE Pape Abou,4,CD,9197.8,3647.9,4101.3,943.7,332,172.9,83,32,31.7,56,42,15,55,35,39,44,37,55,38,37,47,37,26,38,35,23,18
Ecuador 1 - 2 Senegal,Senegal_Ecuador,35,Senegal,Ecuador,4231,DIA Boulaye,9,FW,10381.6,3524.6,4320.8,1622.6,681,231.5,141,58,34.4,51,40,18,54,35,39,43,37,53,37,34,47,38,27,37,38,23,20
Ecuador 1 - 2 Senegal,Senegal_Ecuador,35,Senegal,Ecuador,4231,DIALLO Abdou,22,CD,8911,3590.2,4142.7,687.9,440.2,49.9,74,29,28.3,51,40,18,54,35,39,43,37,53,37,34,47,38,27,37,38,23,20
Ecuador 1 - 2 Senegal,Senegal_Ecuador,35,Senegal,Ecuador,4231,GUEYE Idrissa Gana,5,FW,10677.2,3512.8,4313.6,1687,937.5,227.4,145,61,31.3,51,40,18,54,35,39,43,37,53,37,34,47,38,27,37,38,23,20
Senegal 0 - 2 Netherlands,Senegal_Netherlands,2,Senegal,Netherlands,4231,GUEYE Idrissa Gana,5,FW,11011.5,3404.8,4640.2,1787.2,1014.2,165.2,155,67,30.5,56,42,15,55,35,39,44,37,55,38,37,47,37,26,38,35,23,18
Ecuador 1 - 2 Senegal,Senegal_Ecuador,35,Senegal,Ecuador,4231,GUEYE Pape,26,CM,11438.1,3496.6,5163.2,1826.7,824.7,127,136,52,29.5,51,40,18,54,35,39,43,37,53,37,34,47,38,27,37,38,23,20
Ecuador 1 - 2 Senegal,Senegal_Ecuador,35,Senegal,Ecuador,4231,JAKOBS Ismail,14,FB,10602.2,3464.8,4754,1211.8,834.4,336.1,113,59,33.1,51,40,18,54,35,39,43,37,53,37,34,47,38,27,37,38,23,20
Ecuador 1 - 2 Senegal,Senegal_Ecuador,35,Senegal,Ecuador,4231,KOULIBALY Kalidou,3,CD,8861.6,3898.2,3402,1082,329.7,148.9,100,26,30.4,51,40,18,54,35,39,43,37,53,37,34,47,38,27,37,38,23,20
Senegal 0 - 2 Netherlands,Senegal_Netherlands,2,Senegal,Netherlands,4231,KOULIBALY Kalidou,3,CD,8634.8,3691.4,2954.8,1476.6,357.5,154.6,119,33,32.3,56,42,15,55,35,39,44,37,55,38,37,47,37,26,38,35,23,18
Senegal 0 - 2 Netherlands,Senegal_Netherlands,2,Senegal,Netherlands,4231,MENDY Nampalys,6,CM,12024.4,3517.1,5367.7,2202.9,791.2,146.7,180,55,29.5,56,42,15,55,35,39,44,37,55,38,37,47,37,26,38,35,23,18
Ecuador 1 - 2 Senegal,Senegal_Ecuador,35,Senegal,Ecuador,4231,SABALY Youssouf,21,FB,9833.5,3386.7,4192,1263.6,770.9,220.3,114,54,32.5,51,40,18,54,35,39,43,37,53,37,34,47,38,27,37,38,23,20
Senegal 0 - 2 Netherlands,Senegal_Netherlands,2,Senegal,Netherlands,4231,SABALY Youssouf,21,FB,10430.8,3345.2,4314.2,1528.1,977.4,266,140,69,31,56,42,15,55,35,39,44,37,55,38,37,47,37,26,38,35,23,18
Ecuador 1 - 2 Senegal,Senegal_Ecuador,35,Senegal,Ecuador,4231,SARR Ismaila,18,WG,10921.3,3933.9,4587,1167.5,830,403,106,66,33.6,51,40,18,54,35,39,43,37,53,37,34,47,38,27,37,38,23,20
Senegal 0 - 2 Netherlands,Senegal_Netherlands,2,Senegal,Netherlands,4231,SARR Ismaila,18,WG,10353.9,4090.8,4098.1,1277.7,628.5,259.9,113,48,35.3,56,42,15,55,35,39,44,37,55,38,37,47,37,26,38,35,23,18
Cameroon 3 - 3 Serbia,Serbia_Cameroon,29,Serbia,Cameroon,343,KOSTIC Filip,17,FB,10344.9,4053.1,3688,1521.7,695.2,387.9,129,46,33.6,55,42,19,55,33,43,44,37,54,40,39,48,41,31,40,35,29,14
Cameroon 3 - 3 Serbia,Serbia_Cameroon,29,Serbia,Cameroon,343,LUKIC Sasa,16,CM,11604.2,3795.7,4709,2138.7,816.9,143.9,175,65,30.6,55,42,19,55,33,43,44,37,54,40,39,48,41,31,40,35,29,14
Cameroon 3 - 3 Serbia,Serbia_Cameroon,29,Serbia,Cameroon,343,MAKSIMOVIC Nemanja,6,CM,11749.9,4241.7,4201.8,2030.4,874.2,400.7,169,60,31.5,55,42,19,55,33,43,44,37,54,40,39,48,41,31,40,35,29,14
Brazil 2 - 0 Serbia,Serbia_Brazil,16,Serbia,Brazil,343,MILENKOVIC Nikola,4,CD,9873.9,3669.1,4392.9,1067.4,616.1,127.4,108,42,31.6,58,38,20,60,32,42,45,36,53,40,39,49,42,29,34,37,26,19
Cameroon 3 - 3 Serbia,Serbia_Cameroon,29,Serbia,Cameroon,343,MILENKOVIC Nikola,4,CD,10377.3,3675.6,4794.3,1145.7,513.7,249.1,115,41,33.2,55,42,19,55,33,43,44,37,54,40,39,48,41,31,40,35,29,14
Brazil 2 - 0 Serbia,Serbia_Brazil,16,Serbia,Brazil,343,MILINKOVIC-SAVIC Sergej,20,FW,12306.2,3107.3,6448.4,2133.9,582.1,34.5,147,42,28.4,58,38,20,60,32,42,45,36,53,40,39,49,42,29,34,37,26,19
Cameroon 3 - 3 Serbia,Serbia_Cameroon,29,Serbia,Cameroon,343,MITROVIC Aleksandar,9,FW,9920.5,4474.1,3566.4,1251,535.7,93.3,107,40,30.4,55,42,19,55,33,43,44,37,54,40,39,48,41,31,40,35,29,14
Brazil 2 - 0 Serbia,Serbia_Brazil,16,Serbia,Brazil,343,PAVLOVIC Strahinja,2,CD,10666.2,3300.1,5321.4,1127.4,688,229.3,114,59,33.4,58,38,20,60,32,42,45,36,53,40,39,49,42,29,34,37,26,19
Brazil 2 - 0 Serbia,Serbia_Brazil,16,Serbia,Brazil,343,TADIC Dusan,10,FW,12261.6,3031.1,6123.4,2159.3,817.8,131.2,169,53,30.4,58,38,20,60,32,42,45,36,53,40,39,49,42,29,34,37,26,19
Cameroon 3 - 3 Serbia,Serbia_Cameroon,29,Serbia,Cameroon,343,TADIC Dusan,10,FW,12597.3,3246.3,6194.1,2141.5,857.9,156.2,173,53,32.3,55,42,19,55,33,43,44,37,54,40,39,48,41,31,40,35,29,14
Brazil 2 - 0 Serbia,Serbia_Brazil,16,Serbia,Brazil,343,VELJKOVIC Milos,5,CD,10282.7,3352.2,5394.3,1088.9,416.4,30.8,102,29,27,58,38,20,60,32,42,45,36,53,40,39,49,42,29,34,37,26,19
Spain 7 - 0 Costa Rica,Spain_Costa Rica,10,Spain,Costa Rica,433,AZPILICUETA Cesar,2,FB,11130.9,3716.6,5313.9,1327.9,586.6,185.9,119,50,29.9,58,37,23,59,30,42,47,33,54,38,33,50,36,24,40,37,23,18
Spain 1 - 1 Germany,Spain_Germany,28,Spain,Germany,433,BUSQUETS Sergio,5,CM,10769,3082.1,5637.6,1635.8,396.3,17.2,122,31,27.7,60,38,18,58,29,41,43,34,56,40,35,51,38,24,38,34,23,17
Japan 2 - 1 Spain,Spain_Japan,43,Spain,Japan,433,BUSQUETS Sergio,5,CM,11546,3462.6,6495.8,1182.3,361.4,43.9,115,24,28.5,57,37,21,60,26,47,48,27,63,37,34,51,36,30,41,34,20,16
Spain 1 - 1 Germany,Spain_Germany,28,Spain,Germany,433,CARVAJAL Dani,20,FB,10122.3,3544.8,4017.6,1662.1,693.4,204.5,137,58,29.5,60,38,18,58,29,41,43,34,56,40,35,51,38,24,38,34,23,17
Spain 7 - 0 Costa Rica,Spain_Costa Rica,10,Spain,Costa Rica,433,GAVI,9,CM,12822.9,3526.3,6737.1,1388.7,909.1,261.6,135,64,32,58,37,23,59,30,42,47,33,54,38,33,50,36,24,40,37,23,18
Spain 7 - 0 Costa Rica,Spain_Costa Rica,10,Spain,Costa Rica,433,LAPORTE Aymeric,24,CD,10475.9,4173.6,4911.1,961.7,271.3,158.2,88,25,33.2,58,37,23,59,30,42,47,33,54,38,33,50,36,24,40,37,23,18
Spain 1 - 1 Germany,Spain_Germany,28,Spain,Germany,433,LAPORTE Aymeric,24,CD,9845.6,3446.9,4384.2,1408.9,483.4,122.1,113,41,31.2,60,38,18,58,29,41,43,34,56,40,35,51,38,24,38,34,23,17
Spain 7 - 0 Costa Rica,Spain_Costa Rica,10,Spain,Costa Rica,433,OLMO Dani,21,WG,10102.1,3675.1,4200.4,1203.2,734.4,288.9,111,61,33.4,58,37,23,59,30,42,47,33,54,38,33,50,36,24,40,37,23,18
Spain 1 - 1 Germany,Spain_Germany,28,Spain,Germany,433,OLMO Dani,21,WG,9749.6,3229.1,3824.8,1593.1,767.3,334.4,152,63,32.1,60,38,18,58,29,41,43,34,56,40,35,51,38,24,38,34,23,17
Japan 2 - 1 Spain,Spain_Japan,43,Spain,Japan,433,OLMO Dani,21,WG,9426.1,3407.5,4125.8,1028.4,544.8,318.6,112,48,31.7,57,37,21,60,26,47,48,27,63,37,34,51,36,30,41,34,20,16
Spain 1 - 1 Germany,Spain_Germany,28,Spain,Germany,433,PEDRI,26,CM,12196.3,3021,5961.5,2425.8,611,176.8,192,52,30.5,60,38,18,58,29,41,43,34,56,40,35,51,38,24,38,34,23,17
Japan 2 - 1 Spain,Spain_Japan,43,Spain,Japan,433,PEDRI,26,CM,11856.6,3378,6105,1945.7,410.2,17.8,159,33,29,57,37,21,60,26,47,48,27,63,37,34,51,36,30,41,34,20,16
Spain 7 - 0 Costa Rica,Spain_Costa Rica,10,Spain,Costa Rica,433,RODRI,16,CD,11248.7,4070.9,5297,1217.1,539.9,123.7,124,41,29.9,58,37,23,59,30,42,47,33,54,38,33,50,36,24,40,37,23,18
Spain 1 - 1 Germany,Spain_Germany,28,Spain,Germany,433,RODRI,16,CD,10470.4,3288.7,4856.2,1494.1,645,186.4,127,44,31.5,60,38,18,58,29,41,43,34,56,40,35,51,38,24,38,34,23,17
Japan 2 - 1 Spain,Spain_Japan,43,Spain,Japan,433,RODRI,16,CD,10894.6,3702,5147.7,1322.6,508.8,212.4,129,45,32,57,37,21,60,26,47,48,27,63,37,34,51,36,30,41,34,20,16
Japan 2 - 1 Spain,Spain_Japan,43,Spain,Japan,433,TORRES Pau,4,CD,10554.6,3694.1,4933.2,1372.1,431.7,123.5,124,31,32.1,57,37,21,60,26,47,48,27,63,37,34,51,36,30,41,34,20,16
Brazil 1 - 0 Switzerland,Switzerland_Brazil,31,Switzerland,Brazil,4231,AKANJI Manuel,5,CD,9101.5,3627.9,3796.2,1024.8,491.5,160.2,101,43,34.1,55,39,19,55,32,41,44,36,53,42,38,49,39,25,37,34,22,18
Switzerland 1 - 0 Cameroon,Switzerland_Cameroon,13,Switzerland,Cameroon,4231,AKANJI Manuel,5,CD,9798.5,3789.1,4191.8,1350.2,352.7,114.6,118,29,34.3,53,40,19,53,32,44,43,37,52,40,36,49,40,28,37,36,27,18
Serbia 2 - 3 Switzerland,Switzerland_Serbia,47,Switzerland,Serbia,4231,AKANJI Manuel,5,CD,9496.5,4033.2,4117.7,815.8,355.2,174.7,77,32,31.5,51,43,17,55,36,38,45,40,48,40,40,45,41,30,36,36,32,17
Brazil 1 - 0 Switzerland,Switzerland_Brazil,31,Switzerland,Brazil,4231,ELVEDI Nico,4,CD,9292.9,3299.9,4517.3,834.5,514.8,126.4,91,40,30.3,55,39,19,55,32,41,44,36,53,42,38,49,39,25,37,34,22,18
Switzerland 1 - 0 Cameroon,Switzerland_Cameroon,13,Switzerland,Cameroon,4231,ELVEDI Nico,4,CD,9736.1,3534.2,4681.1,971.7,411.8,136.3,100,37,32.8,53,40,19,53,32,44,43,37,52,40,36,49,40,28,37,36,27,18
Serbia 2 - 3 Switzerland,Switzerland_Serbia,47,Switzerland,Serbia,4231,EMBOLO Breel,7,FW,9249.9,4260.5,3134.8,1132.2,408.8,314.5,101,42,32.1,51,43,17,55,36,38,45,40,48,40,40,45,41,30,36,36,32,17
Brazil 1 - 0 Switzerland,Switzerland_Brazil,31,Switzerland,Brazil,4231,FREULER Remo,8,CM,11695,3527.2,5502.5,1918,677.1,70.2,159,48,28.5,55,39,19,55,32,41,44,36,53,42,38,49,39,25,37,34,22,18
Switzerland 1 - 0 Cameroon,Switzerland_Cameroon,13,Switzerland,Cameroon,4231,FREULER Remo,8,CM,11744.1,3744,5412.9,1852.1,622.4,112.7,160,45,27.8,53,40,19,53,32,44,43,37,52,40,36,49,40,28,37,36,27,18
Serbia 2 - 3 Switzerland,Switzerland_Serbia,47,Switzerland,Serbia,4231,FREULER Remo,8,CM,12783.5,4089.5,5684.8,1959.7,938.3,109.9,171,63,29,51,43,17,55,36,38,45,40,48,40,40,45,41,30,36,36,32,17
Brazil 1 - 0 Switzerland,Switzerland_Brazil,31,Switzerland,Brazil,4231,RODRIGUEZ Ricardo,13,FB,9187.5,3936.8,3624.5,991.3,473.2,161.7,96,39,31.1,55,39,19,55,32,41,44,36,53,42,38,49,39,25,37,34,22,18
Switzerland 1 - 0 Cameroon,Switzerland_Cameroon,13,Switzerland,Cameroon,4231,RODRIGUEZ Ricardo,13,FB,9150.2,3709.5,3575,1160.2,599.3,106.1,106,44,31.4,53,40,19,53,32,44,43,37,52,40,36,49,40,28,37,36,27,18
Serbia 2 - 3 Switzerland,Switzerland_Serbia,47,Switzerland,Serbia,4231,RODRIGUEZ Ricardo,13,FB,10230.1,4620.9,3548.8,1210.2,648.6,202.6,106,46,30.1,51,43,17,55,36,38,45,40,48,40,40,45,41,30,36,36,32,17
Serbia 2 - 3 Switzerland,Switzerland_Serbia,47,Switzerland,Serbia,4231,SCHAER Fabian,22,CD,9439.4,4361.9,3644.6,898.6,423.8,109.5,78,36,30.8,51,43,17,55,36,38,45,40,48,40,40,45,41,30,36,36,32,17
Switzerland 1 - 0 Cameroon,Switzerland_Cameroon,13,Switzerland,Cameroon,4231,WIDMER Silvan,3,FB,10648.3,3365.9,4746,1392.8,762.4,382.3,134,59,32.8,53,40,19,53,32,44,43,37,52,40,36,49,40,28,37,36,27,18
Serbia 2 - 3 Switzerland,Switzerland_Serbia,47,Switzerland,Serbia,4231,WIDMER Silvan,3,FB,10726.9,3814.5,4710.2,1390.2,584.6,227.4,128,45,33.8,51,43,17,55,36,38,45,40,48,40,40,45,41,30,36,36,32,17
Brazil 1 - 0 Switzerland,Switzerland_Brazil,31,Switzerland,Brazil,4231,XHAKA Granit,10,CM,11058.1,3055.4,5505.8,1794.7,573.9,128.3,145,47,28.1,55,39,19,55,32,41,44,36,53,42,38,49,39,25,37,34,22,18
Switzerland 1 - 0 Cameroon,Switzerland_Cameroon,13,Switzerland,Cameroon,4231,XHAKA Granit,10,CM,11671.4,3266.8,5315.2,2034.3,855.5,199.6,175,54,31.5,53,40,19,53,32,44,43,37,52,40,36,49,40,28,37,36,27,18
Serbia 2 - 3 Switzerland,Switzerland_Serbia,47,Switzerland,Serbia,4231,XHAKA Granit,10,CM,12107.8,3652.9,5288.7,2128.6,863.3,173.1,172,62,29.4,51,43,17,55,36,38,45,40,48,40,40,45,41,30,36,36,32,17
Tunisia 0 - 1 Australia,Tunisia_Australia,21,Tunisia,Australia,343,ABDI Ali,24,FB,11175.5,4055.6,4339.5,1361.2,998,421.3,127,72,34.2,54,38,23,53,32,44,42,35,55,41,39,46,41,36,37,36,29,17
Denmark 0 - 0 Tunisia,Tunisia_Denmark,6,Tunisia,Denmark,343,ABDI Ali,24,FB,10694.8,4305.7,3629.8,1357.2,1044.9,358.3,128,76,32.7,54,40,17,56,35,39,42,39,51,42,36,45,43,26,36,37,23,19
Denmark 0 - 0 Tunisia,Tunisia_Denmark,6,Tunisia,Denmark,343,BRONN Dylan,6,CD,10099,4393.1,4259.8,1031.1,355.5,59.6,90,29,28.3,54,40,17,56,35,39,42,39,51,42,36,45,43,26,36,37,23,19
Tunisia 1 - 0 France,Tunisia_France,38,Tunisia,France,343,GHANDRI Nader,5,CD,9072.7,3925.7,3899.4,808.4,306.7,133.4,81,23,32,55,35,20,58,31,40,44,37,51,42,35,48,41,26,38,37,19,20
Tunisia 1 - 0 France,Tunisia_France,38,Tunisia,France,343,KECHRIDA Wajdi,21,FB,9907.1,4205.6,3208.9,1100.7,758.9,633.1,104,62,34.9,55,35,20,58,31,40,44,37,51,42,35,48,41,26,38,37,19,20
Tunisia 1 - 0 France,Tunisia_France,38,Tunisia,France,343,LAIDOUNI Aissa,14,CM,11355.3,4166.3,5164.4,1321.8,447.4,255.5,105,37,34.1,55,35,20,58,31,40,44,37,51,42,35,48,41,26,38,37,19,20
Tunisia 1 - 0 France,Tunisia_France,38,Tunisia,France,343,MAALOUL Ali,12,FB,10868.4,3987.6,4428.9,1929.1,420.6,101.1,148,34,31.6,55,35,20,58,31,40,44,37,51,42,35,48,41,26,38,37,19,20
Tunisia 0 - 1 Australia,Tunisia_Australia,21,Tunisia,Australia,343,MERIAH Yassine,4,CD,9719.4,3767.3,4429.1,948.6,400.4,174,85,36,32.2,54,38,23,53,32,44,42,35,55,41,39,46,41,36,37,36,29,17
Denmark 0 - 0 Tunisia,Tunisia_Denmark,6,Tunisia,Denmark,343,MERIAH Yassine,4,CD,9504,3900.4,4203.6,978.9,317.4,103.6,89,28,32.5,54,40,17,56,35,39,42,39,51,42,36,45,43,26,36,37,23,19
Tunisia 1 - 0 France,Tunisia_France,38,Tunisia,France,343,MERIAH Yassine,4,CD,8906.4,4178,3451.2,756.2,296.6,224.4,75,30,31.3,55,35,20,58,31,40,44,37,51,42,35,48,41,26,38,37,19,20
Tunisia 0 - 1 Australia,Tunisia_Australia,21,Tunisia,Australia,343,MSAKNI Youssef,7,FW,9960.8,4072,3969.4,1191.3,559.8,168.3,107,42,30.5,54,38,23,53,32,44,42,35,55,41,39,46,41,36,37,36,29,17
Tunisia 0 - 1 Australia,Tunisia_Australia,21,Tunisia,Australia,343,SKHIRI Ellyes,17,CM,12823,3645.6,6183.2,2029.9,856.6,109,153,56,29.2,54,38,23,53,32,44,42,35,55,41,39,46,41,36,37,36,29,17
Denmark 0 - 0 Tunisia,Tunisia_Denmark,6,Tunisia,Denmark,343,SKHIRI Ellyes,17,CM,13141.2,3558.6,6384,2274.7,780.6,143.2,189,66,28.5,54,40,17,56,35,39,42,39,51,42,36,45,43,26,36,37,23,19
Tunisia 1 - 0 France,Tunisia_France,38,Tunisia,France,343,SKHIRI Ellyes,17,CM,13218.9,3725.1,6249.9,2349,724.4,170.5,178,52,30.5,55,35,20,58,31,40,44,37,51,42,35,48,41,26,38,37,19,20
Tunisia 0 - 1 Australia,Tunisia_Australia,21,Tunisia,Australia,343,SLITI Naim,23,FW,11323.1,4099,4557.5,1750.6,690.7,226.5,147,56,29.7,54,38,23,53,32,44,42,35,55,41,39,46,41,36,37,36,29,17
Tunisia 0 - 1 Australia,Tunisia_Australia,21,Tunisia,Australia,343,TALBI Montassar,3,CD,10436.9,4074.6,4259.3,1346.4,600.1,156.6,133,47,30.2,54,38,23,53,32,44,42,35,55,41,39,46,41,36,37,36,29,17
Denmark 0 - 0 Tunisia,Tunisia_Denmark,6,Tunisia,Denmark,343,TALBI Montassar,3,CD,10152,3997.9,4508.5,1173.6,374.6,98.5,104,38,31,54,40,17,56,35,39,42,39,51,42,36,45,43,26,36,37,23,19
Tunisia 1 - 0 France,Tunisia_France,38,Tunisia,France,343,TALBI Montassar,3,CD,9858.2,4061.6,4182.8,882.3,477.1,254.3,86,37,31.5,55,35,20,58,31,40,44,37,51,42,35,48,41,26,38,37,19,20
Ghana 0 - 2 Uruguay,Uruguay_Ghana,45,Uruguay,Ghana,442,GIMENEZ Jose Maria,2,DF,10189.5,4018.7,4422.2,1345,335.2,68.3,110,29,28.7,48,38,21,52,35,41,41,40,50,38,37,47,36,27,35,33,25,17
Ghana 0 - 2 Uruguay,Uruguay_Ghana,45,Uruguay,Ghana,442,VARELA Guillermo,13,DF,10672,4156.7,4474.8,1107.8,720.4,212.4,100,52,32.2,48,38,21,52,35,41,41,40,50,38,37,47,36,27,35,33,25,17
Ghana 0 - 2 Uruguay,Uruguay_Ghana,45,Uruguay,Ghana,442,VALVERDE Federico,15,MF,11175.4,3273.3,5020,1848.4,814.7,220.2,150,61,31.2,48,38,21,52,35,41,41,40,50,38,37,47,36,27,35,33,25,17
Ghana 0 - 2 Uruguay,Uruguay_Ghana,45,Uruguay,Ghana,442,OLIVERA Mathias,16,DF,11449.9,4069.3,4647.5,1765.6,628.6,337.8,151,56,31.9,48,38,21,52,35,41,41,40,50,38,37,47,36,27,35,33,25,17
Ghana 0 - 2 Uruguay,Uruguay_Ghana,45,Uruguay,Ghana,442,COATES Sebastian,19,DF,8770,3996.5,3467.7,962.1,283.3,60.5,81,24,27.9,48,38,21,52,35,41,41,40,50,38,37,47,36,27,35,33,25,17
IR Iran 0 - 1 USA,USA_IR Iran,34,USA,IR Iran,433,ADAMS Tyler,4,CM,12943,3458.4,5534.4,2649.4,1044.5,256.3,209,78,33,53,41,20,54,34,40,44,38,52,38,39,50,39,29,38,36,21,20
Netherlands 3 - 1 USA,USA_Netherlands,49,USA,Netherlands,433,ADAMS Tyler,4,CM,11844.6,3232.4,5309.9,1875,971.3,456,176,72,32.7,52,39,22,52,34,39,41,35,55,41,36,48,39,26,37,32,28,17
USA 1 - 1 Wales,USA_Wales,4,USA,Wales,433,ADAMS Tyler,4,CM,13127.7,3338.4,5944.2,2624.2,958.3,263.9,194,69,32.4,55,40,22,54,33,41,43,36,54,39,33,48,38,26,37,33,23,15
IR Iran 0 - 1 USA,USA_IR Iran,34,USA,IR Iran,433,CARTER-VICKERS Cameron,20,CD,10156.5,3870.7,4127.6,1526.5,464.2,168.6,122,38,30.7,53,41,20,54,34,40,44,38,52,38,39,50,39,29,38,36,21,20
IR Iran 0 - 1 USA,USA_IR Iran,34,USA,IR Iran,433,MUSAH Yunus,6,CM,12802.8,3970.2,4922.7,2194.4,1258.5,457.1,186,83,31.7,53,41,20,54,34,40,44,38,52,38,39,50,39,29,38,36,21,20
Netherlands 3 - 1 USA,USA_Netherlands,49,USA,Netherlands,433,MUSAH Yunus,6,CM,12143.6,3475.5,5272.8,2116.6,913.2,365.5,185,68,31.2,52,39,22,52,34,39,41,35,55,41,36,48,39,26,37,32,28,17
Netherlands 3 - 1 USA,USA_Netherlands,49,USA,Netherlands,433,PULISIC Christian,10,WG,11986.4,3296.3,5541.3,1904.6,817.5,427.9,165,68,32.5,52,39,22,52,34,39,41,35,55,41,36,48,39,26,37,32,28,17
USA 1 - 1 Wales,USA_Wales,4,USA,Wales,433,PULISIC Christian,10,WG,12687.4,3590.5,5704.3,2269.8,869.1,252.5,209,65,30.3,55,40,22,54,33,41,43,36,54,39,33,48,38,26,37,33,23,15
IR Iran 0 - 1 USA,USA_IR Iran,34,USA,IR Iran,433,REAM Tim,13,CD,10193.3,4097.7,3912.2,1398.5,531.1,254.8,124,38,30.6,53,41,20,54,34,40,44,38,52,38,39,50,39,29,38,36,21,20
Netherlands 3 - 1 USA,USA_Netherlands,49,USA,Netherlands,433,REAM Tim,13,CD,9603.7,3797.3,3726.2,1263.8,606,209.4,112,43,31.5,52,39,22,52,34,39,41,35,55,41,36,48,39,26,37,32,28,17
USA 1 - 1 Wales,USA_Wales,4,USA,Wales,433,REAM Tim,13,CD,10402.6,4152.7,3930.1,1491.7,690.7,137.3,124,52,30.6,55,40,22,54,33,41,43,36,54,39,33,48,38,26,37,33,23,15
IR Iran 0 - 1 USA,USA_IR Iran,34,USA,IR Iran,433,ROBINSON Antonee,5,FB,11674.9,4248.5,4532.2,1515.4,852.3,527.7,135,80,33.1,53,41,20,54,34,40,44,38,52,38,39,50,39,29,38,36,21,20
Netherlands 3 - 1 USA,USA_Netherlands,49,USA,Netherlands,433,ROBINSON Antonee,5,FB,10294.7,3624.8,3885.2,1525.7,722.7,536.4,138,59,34,52,39,22,52,34,39,41,35,55,41,36,48,39,26,37,32,28,17
USA 1 - 1 Wales,USA_Wales,4,USA,Wales,433,ROBINSON Antonee,5,FB,11856.3,4187.6,4544.5,1509.3,896.3,717.3,145,81,35.4,55,40,22,54,33,41,43,36,54,39,33,48,38,26,37,33,23,15
Netherlands 3 - 1 USA,USA_Netherlands,49,USA,Netherlands,433,ZIMMERMAN Walker,3,CD,10245.3,3385,4985.4,1165.9,539.9,169,104,44,32.1,52,39,22,52,34,39,41,35,55,41,36,48,39,26,37,32,28,17
USA 1 - 1 Wales,USA_Wales,4,USA,Wales,433,ZIMMERMAN Walker,3,CD,10851.3,3637.3,5312.8,1298.9,456.8,144.3,119,40,32.3,55,40,22,54,33,41,43,36,54,39,33,48,38,26,37,33,23,15
Wales 0 - 2 IR Iran,Wales_IR Iran,17,Wales,IR Iran,343,BALE Gareth,11,FW,10036.4,4084.8,4127,1409.1,351.3,64.2,118,30,29,55,41,20,58,34,38,46,38,53,41,39,45,42,33,38,31,30,10
Wales 0 - 2 IR Iran,Wales_IR Iran,17,Wales,IR Iran,343,DAVIES Ben,4,CD,10150.9,3744.7,4197.4,1424.2,557.3,228.4,117,40,30.5,55,41,20,58,34,38,46,38,53,41,39,45,42,33,38,31,30,10
Wales 0 - 2 IR Iran,Wales_IR Iran,17,Wales,IR Iran,343,MEPHAM Chris,5,CD,10234.3,4263.6,3847.1,1289.5,492.3,342.9,119,39,31.4,55,41,20,58,34,38,46,38,53,41,39,45,42,33,38,31,30,10
Wales 0 - 2 IR Iran,Wales_IR Iran,17,Wales,IR Iran,343,MOORE Kieffer,13,FW,11001.6,4058.5,4365.4,1385.1,914.2,277.2,137,75,32.7,55,41,20,58,34,38,46,38,53,41,39,45,42,33,38,31,30,10
Wales 0 - 2 IR Iran,Wales_IR Iran,17,Wales,IR Iran,343,RODON Joe,6,CD,9790.8,3993.7,4009.3,909.6,480.7,397.5,94,45,34.4,55,41,20,58,34,38,46,38,53,41,39,45,42,33,38,31,30,10
Wales 0 - 2 IR Iran,Wales_IR Iran,17,Wales,IR Iran,343,WILLIAMS Neco,3,FB,10915,3782.1,4300.5,1671.1,827.4,335.1,147,63,31.7,55,41,20,58,34,38,46,38,53,41,39,45,42,33,38,31,30,10
